"sample_id","ground_truth_path","prediction_path","compile_success","load_success","chamfer_distance","hausdorff_distance","watertight_pred","euler_pred","eecm","sphericity_pred","sphericity_discrepancy","model","method_context","prompt_set","round_name","round_slug","level","difficulty","position_in_level_file","position_in_prompt_file","target_code","uid","source_stl","prompt","word_count","char_count","reference_model_path"
"UB40-B001","data/reference_models/stl/UB40-T001.stl","generated_outputs_not_included_in_release/open_loop/one-shot/deepseek_per_sample.csv","0","0","","","","","","","","deepseek","Open-loop Workflow","Retained40 open-loop prompt set aligned to retained reference models","One-shot","one_shot","beginner","beginner","1","1","UB40-T001","UB40-T001","UB40-T001.stl","A tall circular frustum with a flat circular top and bottom, slightly wider at the top than at the base.","20","104","data/reference_models/stl/UB40-T001.stl"
"UB40-B002","data/reference_models/stl/UB40-T002.stl","generated_outputs_not_included_in_release/open_loop/one-shot/deepseek_per_sample.csv","1","1","0.012701344978314393","0.05955425399363792","True","2.0","1.0","0.17130660963898672","0.04531299387094287","deepseek","Open-loop Workflow","Retained40 open-loop prompt set aligned to retained reference models","One-shot","one_shot","beginner","beginner","2","2","UB40-T002","UB40-T002","UB40-T002.stl","A very thin square plate with flat top and bottom faces and sharp straight edges.","15","81","data/reference_models/stl/UB40-T002.stl"
"UB40-B003","data/reference_models/stl/UB40-T003.stl","generated_outputs_not_included_in_release/open_loop/one-shot/deepseek_per_sample.csv","1","1","0.05133567566779983","0.08546298248845423","True","2.0","1.0","0.6933852148437483","0.09796727664406168","deepseek","Open-loop Workflow","Retained40 open-loop prompt set aligned to retained reference models","One-shot","one_shot","beginner","beginner","3","3","UB40-T003","UB40-T003","UB40-T003.stl","A short solid cylinder with a flat circular top and bottom.","11","59","data/reference_models/stl/UB40-T003.stl"
"UB40-B004","data/reference_models/stl/UB40-T004.stl","generated_outputs_not_included_in_release/open_loop/one-shot/deepseek_per_sample.csv","1","1","0.03468236501285889","0.07972517794038232","True","2.0","1.0","0.6587262907605599","0.10786785961258838","deepseek","Open-loop Workflow","Retained40 open-loop prompt set aligned to retained reference models","One-shot","one_shot","beginner","beginner","4","4","UB40-T004","UB40-T004","UB40-T004.stl","A rectangular bar with a semicircular notch cut into one short side.","12","68","data/reference_models/stl/UB40-T004.stl"
"UB40-B005","data/reference_models/stl/UB40-T005.stl","generated_outputs_not_included_in_release/open_loop/one-shot/deepseek_per_sample.csv","1","1","0.12414378252044372","0.5580049443861549","True","-4.0","1.0","0.35620060940494264","0.15588191501022525","deepseek","Open-loop Workflow","Retained40 open-loop prompt set aligned to retained reference models","One-shot","one_shot","beginner","beginner","5","5","UB40-T005","UB40-T005","UB40-T005.stl","A flat triangular mounting plate with three circular holes near its corners.","12","76","data/reference_models/stl/UB40-T005.stl"
"UB40-B006","data/reference_models/stl/UB40-T006.stl","generated_outputs_not_included_in_release/open_loop/one-shot/deepseek_per_sample.csv","1","1","0.05425241345662854","0.12168280581649639","True","2.0","0.0","0.5560134728056191","0.09717397759744184","deepseek","Open-loop Workflow","Retained40 open-loop prompt set aligned to retained reference models","One-shot","one_shot","beginner","beginner","6","6","UB40-T006","UB40-T006","UB40-T006.stl","A rectangular block with a circular recess on its top face.","11","59","data/reference_models/stl/UB40-T006.stl"
"UB40-B007","data/reference_models/stl/UB40-T007.stl","generated_outputs_not_included_in_release/open_loop/one-shot/deepseek_per_sample.csv","1","1","0.13396658230281974","0.38547585363048503","True","-4.0","1.0","0.3554574844843189","0.1872872470221193","deepseek","Open-loop Workflow","Retained40 open-loop prompt set aligned to retained reference models","One-shot","one_shot","beginner","beginner","7","7","UB40-T007","UB40-T007","UB40-T007.stl","A thin tapered plate with three circular holes in a row.","11","56","data/reference_models/stl/UB40-T007.stl"
"UB40-B008","data/reference_models/stl/UB40-T008.stl","generated_outputs_not_included_in_release/open_loop/one-shot/deepseek_per_sample.csv","1","1","0.09278448289145906","0.45039578452755846","False","1.0","0.0","0.8941542363838633","0.16991028332192804","deepseek","Open-loop Workflow","Retained40 open-loop prompt set aligned to retained reference models","One-shot","one_shot","beginner","beginner","8","8","UB40-T008","UB40-T008","UB40-T008.stl","A square pedestal with a stepped base and a pyramid-shaped top.","11","63","data/reference_models/stl/UB40-T008.stl"
"UB40-B009","data/reference_models/stl/UB40-T009.stl","generated_outputs_not_included_in_release/open_loop/one-shot/deepseek_per_sample.csv","1","1","0.03656633070431759","0.09549598660033494","True","0.0","1.0","0.3968434039293207","0.2851029099357606","deepseek","Open-loop Workflow","Retained40 open-loop prompt set aligned to retained reference models","One-shot","one_shot","beginner","beginner","9","9","UB40-T009","UB40-T009","UB40-T009.stl","A thin circular ring with a hollow center.","8","42","data/reference_models/stl/UB40-T009.stl"
"UB40-B010","data/reference_models/stl/UB40-T010.stl","generated_outputs_not_included_in_release/open_loop/one-shot/deepseek_per_sample.csv","1","1","0.1359146992409534","0.45631840413390834","True","2.0","1.0","0.33048408935683593","0.014296595219073616","deepseek","Open-loop Workflow","Retained40 open-loop prompt set aligned to retained reference models","One-shot","one_shot","beginner","beginner","10","10","UB40-T010","UB40-T010","UB40-T010.stl","A thin U-shaped frame with short feet at both lower ends.","11","57","data/reference_models/stl/UB40-T010.stl"
"UB40-B011","data/reference_models/stl/UB40-T011.stl","generated_outputs_not_included_in_release/open_loop/one-shot/deepseek_per_sample.csv","0","0","","","","","","","","deepseek","Open-loop Workflow","Retained40 open-loop prompt set aligned to retained reference models","One-shot","one_shot","beginner","beginner","11","11","UB40-T011","UB40-T011","UB40-T011.stl","A very thin straight cylindrical rod.","6","37","data/reference_models/stl/UB40-T011.stl"
"UB40-B012","data/reference_models/stl/UB40-T012.stl","generated_outputs_not_included_in_release/open_loop/one-shot/deepseek_per_sample.csv","1","1","0.018866122747349088","0.0922258915141097","True","2.0","1.0","0.29378094945363625","0.033576410479768115","deepseek","Open-loop Workflow","Retained40 open-loop prompt set aligned to retained reference models","One-shot","one_shot","beginner","beginner","12","12","UB40-T012","UB40-T012","UB40-T012.stl","A thin square plate with rounded corners and a circular pocket near one corner.","14","79","data/reference_models/stl/UB40-T012.stl"
"UB40-B013","data/reference_models/stl/UB40-T013.stl","generated_outputs_not_included_in_release/open_loop/one-shot/deepseek_per_sample.csv","0","0","","","","","","","","deepseek","Open-loop Workflow","Retained40 open-loop prompt set aligned to retained reference models","One-shot","one_shot","beginner","beginner","13","13","UB40-T013","UB40-T013","UB40-T013.stl","A long rounded-end bar with flat top and bottom faces.","10","54","data/reference_models/stl/UB40-T013.stl"
"UB40-B014","data/reference_models/stl/UB40-T014.stl","generated_outputs_not_included_in_release/open_loop/one-shot/deepseek_per_sample.csv","1","1","0.11034210068085354","0.2885938127067501","True","2.0","1.0","0.6500860913330307","0.0870694683045623","deepseek","Open-loop Workflow","Retained40 open-loop prompt set aligned to retained reference models","One-shot","one_shot","beginner","beginner","14","14","UB40-T014","UB40-T014","UB40-T014.stl","A flat teardrop-shaped prism with one rounded end and one pointed end.","12","70","data/reference_models/stl/UB40-T014.stl"
"UB40-B015","data/reference_models/stl/UB40-T015.stl","generated_outputs_not_included_in_release/open_loop/one-shot/deepseek_per_sample.csv","1","1","0.13666141151769154","0.3482990189983455","True","2.0","1.0","0.6923205589217722","0.20607203291870513","deepseek","Open-loop Workflow","Retained40 open-loop prompt set aligned to retained reference models","One-shot","one_shot","beginner","beginner","15","15","UB40-T015","UB40-T015","UB40-T015.stl","A short solid cylinder with one plain circular end and one concentric stepped circular end.","15","91","data/reference_models/stl/UB40-T015.stl"
"UB40-B016","data/reference_models/stl/UB40-T016.stl","generated_outputs_not_included_in_release/open_loop/one-shot/deepseek_per_sample.csv","1","1","0.12699497758280084","0.3764635940746139","True","-12.0","1.0","0.3714254606053144","0.05421599122428483","deepseek","Open-loop Workflow","Retained40 open-loop prompt set aligned to retained reference models","One-shot","one_shot","beginner","beginner","16","16","UB40-T016","UB40-T016","UB40-T016.stl","A round flange plate with one large center hole, six smaller bolt holes around it, and a short cylindrical hub on the back.","23","123","data/reference_models/stl/UB40-T016.stl"
"UB40-B017","data/reference_models/stl/UB40-T017.stl","generated_outputs_not_included_in_release/open_loop/one-shot/deepseek_per_sample.csv","1","1","0.06837319870053434","0.25218611232932475","True","-6.0","1.0","0.34431713748270315","0.034248651795322715","deepseek","Open-loop Workflow","Retained40 open-loop prompt set aligned to retained reference models","One-shot","one_shot","beginner","beginner","17","17","UB40-T017","UB40-T017","UB40-T017.stl","A thin rectangular plate with four circular corner holes.","9","57","data/reference_models/stl/UB40-T017.stl"
"UB40-B018","data/reference_models/stl/UB40-T018.stl","generated_outputs_not_included_in_release/open_loop/one-shot/deepseek_per_sample.csv","1","1","0.03958317303192038","0.1231677087131788","True","2.0","0.0","0.5658572694999818","0.022000747736961368","deepseek","Open-loop Workflow","Retained40 open-loop prompt set aligned to retained reference models","One-shot","one_shot","beginner","beginner","18","18","UB40-T018","UB40-T018","UB40-T018.stl","A long cylindrical rod with a small cross-hole near one end.","11","60","data/reference_models/stl/UB40-T018.stl"
"UB40-B019","data/reference_models/stl/UB40-T019.stl","generated_outputs_not_included_in_release/open_loop/one-shot/deepseek_per_sample.csv","1","1","0.15296717064827559","0.3291637457316188","True","-2.0","1.0","0.3164959735950063","0.27867355743761585","deepseek","Open-loop Workflow","Retained40 open-loop prompt set aligned to retained reference models","One-shot","one_shot","beginner","beginner","19","19","UB40-T019","UB40-T019","UB40-T019.stl","A rounded-top rectangular plate with two holes near its upper corners.","11","70","data/reference_models/stl/UB40-T019.stl"
"UB40-B020","data/reference_models/stl/UB40-T020.stl","generated_outputs_not_included_in_release/open_loop/one-shot/deepseek_per_sample.csv","0","0","","","","","","","","deepseek","Open-loop Workflow","Retained40 open-loop prompt set aligned to retained reference models","One-shot","one_shot","beginner","beginner","20","20","UB40-T020","UB40-T020","UB40-T020.stl","A tall rectangular block with a deep U-shaped slot cut into the top.","13","68","data/reference_models/stl/UB40-T020.stl"
"UB40-B021","data/reference_models/stl/UB40-T021.stl","generated_outputs_not_included_in_release/open_loop/one-shot/deepseek_per_sample.csv","0","0","","","","","","","","deepseek","Open-loop Workflow","Retained40 open-loop prompt set aligned to retained reference models","One-shot","one_shot","beginner","beginner","21","21","UB40-T021","UB40-T021","UB40-T021.stl","A bracket-like open frame with two end plates, a sloped top, a large round hole in the middle panel, and small mounting holes.","23","126","data/reference_models/stl/UB40-T021.stl"
"UB40-B022","data/reference_models/stl/UB40-T022.stl","generated_outputs_not_included_in_release/open_loop/one-shot/deepseek_per_sample.csv","1","1","0.21400877187596132","0.47510377105443197","True","0.0","1.0","0.3316411254539961","0.0034372493741727794","deepseek","Open-loop Workflow","Retained40 open-loop prompt set aligned to retained reference models","One-shot","one_shot","beginner","beginner","22","22","UB40-T022","UB40-T022","UB40-T022.stl","A thin three-lobed ring with a round hole in the center.","11","56","data/reference_models/stl/UB40-T022.stl"
"UB40-B023","data/reference_models/stl/UB40-T023.stl","generated_outputs_not_included_in_release/open_loop/one-shot/deepseek_per_sample.csv","1","1","0.11946455804524665","0.2978162306371616","True","-12.0","1.0","0.2873734434991618","0.10364241289332896","deepseek","Open-loop Workflow","Retained40 open-loop prompt set aligned to retained reference models","One-shot","one_shot","beginner","beginner","23","23","UB40-T023","UB40-T023","UB40-T023.stl","A thin stepped mounting plate with one large center hole, four smaller holes around it, and one extra hole near each end.","22","121","data/reference_models/stl/UB40-T023.stl"
"UB40-B024","data/reference_models/stl/UB40-T024.stl","generated_outputs_not_included_in_release/open_loop/one-shot/deepseek_per_sample.csv","1","1","0.05591290333241591","0.2938931797050522","True","-12.0","0.0","0.3305925717239466","0.0095457194428058","deepseek","Open-loop Workflow","Retained40 open-loop prompt set aligned to retained reference models","One-shot","one_shot","beginner","beginner","24","24","UB40-T024","UB40-T024","UB40-T024.stl","An asymmetric forked plate with five round mounting holes and two long parallel slots in the forked end.","18","104","data/reference_models/stl/UB40-T024.stl"
"UB40-B025","data/reference_models/stl/UB40-T025.stl","generated_outputs_not_included_in_release/open_loop/one-shot/deepseek_per_sample.csv","0","0","","","","","","","","deepseek","Open-loop Workflow","Retained40 open-loop prompt set aligned to retained reference models","One-shot","one_shot","beginner","beginner","25","25","UB40-T025","UB40-T025","UB40-T025.stl","A rounded rectangular hollow box with one large open side and one closed side.","14","78","data/reference_models/stl/UB40-T025.stl"
"UB40-B026","data/reference_models/stl/UB40-T026.stl","generated_outputs_not_included_in_release/open_loop/one-shot/deepseek_per_sample.csv","1","1","0.14298561443686764","0.4404657333065794","True","2.0","1.0","0.6242954772974253","0.017245726625735647","deepseek","Open-loop Workflow","Retained40 open-loop prompt set aligned to retained reference models","One-shot","one_shot","beginner","beginner","26","26","UB40-T026","UB40-T026","UB40-T026.stl","A screw-like part with a wide round head, a short cylindrical shaft, and a recessed polygonal socket in the top.","20","112","data/reference_models/stl/UB40-T026.stl"
"UB40-B027","data/reference_models/stl/UB40-T027.stl","generated_outputs_not_included_in_release/open_loop/one-shot/deepseek_per_sample.csv","0","0","","","","","","","","deepseek","Open-loop Workflow","Retained40 open-loop prompt set aligned to retained reference models","One-shot","one_shot","beginner","beginner","27","27","UB40-T027","UB40-T027","UB40-T027.stl","A helical coil spring.","4","22","data/reference_models/stl/UB40-T027.stl"
"UB40-B028","data/reference_models/stl/UB40-T028.stl","generated_outputs_not_included_in_release/open_loop/one-shot/deepseek_per_sample.csv","1","1","0.03138695145684488","0.0838246031861956","True","0.0","1.0","0.5396571576552691","0.028219357164217862","deepseek","Open-loop Workflow","Retained40 open-loop prompt set aligned to retained reference models","One-shot","one_shot","beginner","beginner","28","28","UB40-T028","UB40-T028","UB40-T028.stl","A hexagonal nut with a round hole through the middle.","10","53","data/reference_models/stl/UB40-T028.stl"
"UB40-B029","data/reference_models/stl/UB40-T029.stl","generated_outputs_not_included_in_release/open_loop/one-shot/deepseek_per_sample.csv","1","1","0.12286550458596934","0.32779663183222413","True","-12.0","0.0","0.4117202869530759","0.06705354551144399","deepseek","Open-loop Workflow","Retained40 open-loop prompt set aligned to retained reference models","One-shot","one_shot","beginner","beginner","29","29","UB40-T029","UB40-T029","UB40-T029.stl","A round flange with eight small holes around the edge and a cylindrical hub on the back.","17","88","data/reference_models/stl/UB40-T029.stl"
"UB40-B030","data/reference_models/stl/UB40-T030.stl","generated_outputs_not_included_in_release/open_loop/one-shot/deepseek_per_sample.csv","1","1","0.09720813424382348","0.306816936590567","True","0.0","1.0","0.37070786762601404","0.1277972295142415","deepseek","Open-loop Workflow","Retained40 open-loop prompt set aligned to retained reference models","One-shot","one_shot","beginner","beginner","30","30","UB40-T030","UB40-T030","UB40-T030.stl","A bracket-like plate with a large cylindrical boss with a center hole, a smaller round hole in the plate, and a deep side opening at one end.","27","141","data/reference_models/stl/UB40-T030.stl"
"UB40-B031","data/reference_models/stl/UB40-T031.stl","generated_outputs_not_included_in_release/open_loop/one-shot/deepseek_per_sample.csv","0","0","","","","","","","","deepseek","Open-loop Workflow","Retained40 open-loop prompt set aligned to retained reference models","One-shot","one_shot","beginner","beginner","31","31","UB40-T031","UB40-T031","UB40-T031.stl","A long thin L-shaped bracket with a broad flat panel, a narrow perpendicular flange running along one long edge, and four holes in that flange.","25","143","data/reference_models/stl/UB40-T031.stl"
"UB40-B032","data/reference_models/stl/UB40-T032.stl","generated_outputs_not_included_in_release/open_loop/one-shot/deepseek_per_sample.csv","1","1","0.07825427308249688","0.3026501374994816","True","2.0","1.0","0.3979043862368573","0.14598639024501092","deepseek","Open-loop Workflow","Retained40 open-loop prompt set aligned to retained reference models","One-shot","one_shot","beginner","beginner","32","32","UB40-T032","UB40-T032","UB40-T032.stl","A five-pointed star plate with a short round raised center boss.","11","64","data/reference_models/stl/UB40-T032.stl"
"UB40-B033","data/reference_models/stl/UB40-T033.stl","generated_outputs_not_included_in_release/open_loop/one-shot/deepseek_per_sample.csv","1","1","0.24055501171869165","0.3420805787293953","True","2.0","0.0","0.3345754891037099","0.03527649661471893","deepseek","Open-loop Workflow","Retained40 open-loop prompt set aligned to retained reference models","One-shot","one_shot","beginner","beginner","33","33","UB40-T033","UB40-T033","UB40-T033.stl","An open tray-like base with four upright corner posts.","9","54","data/reference_models/stl/UB40-T033.stl"
"UB40-B034","data/reference_models/stl/UB40-T034.stl","generated_outputs_not_included_in_release/open_loop/one-shot/deepseek_per_sample.csv","0","0","","","","","","","","deepseek","Open-loop Workflow","Retained40 open-loop prompt set aligned to retained reference models","One-shot","one_shot","beginner","beginner","34","34","UB40-T034","UB40-T034","UB40-T034.stl","A rounded rectangular plate with two holes, one near each end.","11","62","data/reference_models/stl/UB40-T034.stl"
"UB40-B035","data/reference_models/stl/UB40-T035.stl","generated_outputs_not_included_in_release/open_loop/one-shot/deepseek_per_sample.csv","1","1","0.09603416990095182","0.3129455165860832","True","2.0","1.0","0.6233628111184107","0.009263253714271169","deepseek","Open-loop Workflow","Retained40 open-loop prompt set aligned to retained reference models","One-shot","one_shot","beginner","beginner","35","35","UB40-T035","UB40-T035","UB40-T035.stl","A solid round part made from three coaxial circular discs or rims overlapping around the same center.","17","101","data/reference_models/stl/UB40-T035.stl"
"UB40-B036","data/reference_models/stl/UB40-T036.stl","generated_outputs_not_included_in_release/open_loop/one-shot/deepseek_per_sample.csv","1","1","0.26887899452653224","0.6168997797744574","True","0.0","1.0","0.5231244663895934","0.08743680053082103","deepseek","Open-loop Workflow","Retained40 open-loop prompt set aligned to retained reference models","One-shot","one_shot","beginner","beginner","36","36","UB40-T036","UB40-T036","UB40-T036.stl","A thin circular ring with a rounded cross-section.","8","50","data/reference_models/stl/UB40-T036.stl"
"UB40-B037","data/reference_models/stl/UB40-T037.stl","generated_outputs_not_included_in_release/open_loop/one-shot/deepseek_per_sample.csv","1","1","0.2620073612717071","0.6243857147725196","True","-4.0","0.0","0.2855636543031142","0.05212253408886647","deepseek","Open-loop Workflow","Retained40 open-loop prompt set aligned to retained reference models","One-shot","one_shot","beginner","beginner","37","37","UB40-T037","UB40-T037","UB40-T037.stl","An L-shaped angle bracket with three large holes on one side and two small holes on the other.","18","94","data/reference_models/stl/UB40-T037.stl"
"UB40-B038","data/reference_models/stl/UB40-T038.stl","generated_outputs_not_included_in_release/open_loop/one-shot/deepseek_per_sample.csv","1","1","0.060682518623190324","0.21037087364962787","True","2.0","1.0","0.6895561387303726","0.07725547383537823","deepseek","Open-loop Workflow","Retained40 open-loop prompt set aligned to retained reference models","One-shot","one_shot","beginner","beginner","38","38","UB40-T038","UB40-T038","UB40-T038.stl","A tall upright block with a sloped top and a deep rectangular side recess.","14","74","data/reference_models/stl/UB40-T038.stl"
"UB40-B039","data/reference_models/stl/UB40-T039.stl","generated_outputs_not_included_in_release/open_loop/one-shot/deepseek_per_sample.csv","1","1","0.059895897049835854","0.19861857722072052","True","0.0","0.0","0.5341422814594962","0.017249967169148395","deepseek","Open-loop Workflow","Retained40 open-loop prompt set aligned to retained reference models","One-shot","one_shot","beginner","beginner","39","39","UB40-T039","UB40-T039","UB40-T039.stl","A block with a rounded end hole and a top slot.","11","47","data/reference_models/stl/UB40-T039.stl"
"UB40-B040","data/reference_models/stl/UB40-T040.stl","generated_outputs_not_included_in_release/open_loop/one-shot/deepseek_per_sample.csv","1","1","0.28899677080094344","0.6518701132662117","True","2.0","0.0","0.4175491170860359","0.15599939645930117","deepseek","Open-loop Workflow","Retained40 open-loop prompt set aligned to retained reference models","One-shot","one_shot","beginner","beginner","40","40","UB40-T040","UB40-T040","UB40-T040.stl","An angled bracket with a round hole at one end and a triangular support underneath.","15","83","data/reference_models/stl/UB40-T040.stl"
"UB40-E001","data/reference_models/stl/UB40-T001.stl","generated_outputs_not_included_in_release/open_loop/one-shot/deepseek_per_sample.csv","1","1","0.024761424889333472","0.06365712635110597","True","2.0","1.0","0.8575169352609492","0.006837248481215585","deepseek","Open-loop Workflow","Retained40 open-loop prompt set aligned to retained reference models","One-shot","one_shot","expert","expert","1","81","UB40-T001","UB40-T001","UB40-T001.stl","This part is a tall circular frustum contained within an overall envelope of roughly 40 by 40 by 50 units. It has two flat parallel circular end faces, with the upper face slightly larger in diameter than the lower one, and the side wall transitions between them with a smooth, uniform taper. The largest outer radius is about 20 units and the full height is 50 units, so the body extends about 25 units above and below its mid-height plane. The geometry is fully axisymmetric about the central vertical axis, and the exterior remains clean and uninterrupted, without holes, grooves, shoulders, ribs, or any secondary relief.","106","625","data/reference_models/stl/UB40-T001.stl"
"UB40-E002","data/reference_models/stl/UB40-T002.stl","generated_outputs_not_included_in_release/open_loop/one-shot/deepseek_per_sample.csv","1","1","0.009786694698619734","0.02584534880312236","True","2.0","1.0","0.125995599280908","1.9835128641509936e-06","deepseek","Open-loop Workflow","Retained40 open-loop prompt set aligned to retained reference models","One-shot","one_shot","expert","expert","2","82","UB40-T002","UB40-T002","UB40-T002.stl","This object is an extremely thin square-like plate measuring about 0.5625 units in length, 0.5087 units in width, and only about 0.0066 units in thickness. The corresponding half-thickness is only about 0.0033 units, so the part reads as a near-sheet rather than as a block. The top and bottom faces are flat and parallel, the side walls are straight, and the corners remain sharp rather than rounded. It is a plain prismatic slab with no perforations, pockets, chamfers, fillets, or added surface features.","83","507","data/reference_models/stl/UB40-T002.stl"
"UB40-E003","data/reference_models/stl/UB40-T003.stl","generated_outputs_not_included_in_release/open_loop/one-shot/deepseek_per_sample.csv","1","1","0.013090224538458085","0.04309216479567619","True","2.0","1.0","0.7913524918247866","3.369766687910669e-10","deepseek","Open-loop Workflow","Retained40 open-loop prompt set aligned to retained reference models","One-shot","one_shot","expert","expert","3","83","UB40-T003","UB40-T003","UB40-T003.stl","This part is a short solid cylinder with an overall diameter of about 0.5625 units and a height of about 0.2262 units. The cylinder radius is therefore about 0.2813 units, and the height is only about 40 percent of the diameter, so the form is squat rather than elongated. Both circular ends are flat and parallel, and the side surface is a constant-radius cylindrical wall rather than a tapered frustum. The body is completely rotationally symmetric and contains no central bore, recess, or exterior secondary feature.","86","519","data/reference_models/stl/UB40-T003.stl"
"UB40-E004","data/reference_models/stl/UB40-T004.stl","generated_outputs_not_included_in_release/open_loop/one-shot/deepseek_per_sample.csv","0","0","","","","","","","","deepseek","Open-loop Workflow","Retained40 open-loop prompt set aligned to retained reference models","One-shot","one_shot","expert","expert","4","84","UB40-T004","UB40-T004","UB40-T004.stl","This object is a rectangular bar approximately 0.75 units long, 0.375 units wide, and 0.0938 units thick. One short side contains a centered semicircular notch that removes material through the full thickness, creating a clean half-round opening in the side profile. Because the notch spans the full bar width, its radius is about 0.1875 units, and the remaining body keeps a half-thickness of roughly 0.0469 units about its mid-plane. All other faces stay planar and orthogonal, and no additional holes, steps, or edge treatments appear elsewhere on the body.","89","560","data/reference_models/stl/UB40-T004.stl"
"UB40-E005","data/reference_models/stl/UB40-T005.stl","generated_outputs_not_included_in_release/open_loop/one-shot/deepseek_per_sample.csv","1","1","0.13286045974995736","0.5605429765280384","True","2.0","0.0","0.5802089440049863","0.06812641958981847","deepseek","Open-loop Workflow","Retained40 open-loop prompt set aligned to retained reference models","One-shot","one_shot","expert","expert","5","85","UB40-T005","UB40-T005","UB40-T005.stl","This part is a thin triangular mounting plate occupying about 0.542 by 0.559 units in plan and about 0.0758 units in thickness. The half-thickness is therefore about 0.0379 units. The outer triangular outline is softened by rounded corners instead of sharp vertices, and each corner region contains one circular through-hole, giving a three-hole pattern that follows the threefold corner layout of the plate itself. Apart from the three holes and the rounded perimeter transitions, the plate remains flat, uniform in thickness, and free of raised or recessed secondary details.","89","577","data/reference_models/stl/UB40-T005.stl"
"UB40-E006","data/reference_models/stl/UB40-T006.stl","generated_outputs_not_included_in_release/open_loop/one-shot/deepseek_per_sample.csv","0","0","","","","","","","","deepseek","Open-loop Workflow","Retained40 open-loop prompt set aligned to retained reference models","One-shot","one_shot","expert","expert","6","86","UB40-T006","UB40-T006","UB40-T006.stl","This object is a rectangular block with overall dimensions of roughly 80 by 50 by 30 units. The top face therefore has an 80-unit long side and a 50-unit short side. Its most prominent feature is one large circular blind recess opened from the top face; the recess lies near the middle of that 80-by-50 surface and does not pass through to the bottom. The solid footprint spans half-dimensions of about 40 by 25 units, and the full block height is 30 units, so the recess is clearly a localized top feature rather than a through-opening. The rest of the block stays box-like, with flat exterior faces and no extra bores, slots, or stepped surfaces.","115","648","data/reference_models/stl/UB40-T006.stl"
"UB40-E007","data/reference_models/stl/UB40-T007.stl","generated_outputs_not_included_in_release/open_loop/one-shot/deepseek_per_sample.csv","1","1","0.06971930005617813","0.30773394970000323","False","1.0","0.0","2.5886709744935392","2.0459262429871012","deepseek","Open-loop Workflow","Retained40 open-loop prompt set aligned to retained reference models","One-shot","one_shot","expert","expert","7","87","UB40-T007","UB40-T007","UB40-T007.stl","This part is a thin plate about 120 units long, 40 units wide, and 18 units thick, with a slightly tapered trapezoidal outline rather than a perfect rectangle. The 120-unit span is the long side of the plate and the 40-unit span is the short side. Three circular through-holes are arranged along the long direction with roughly even spacing from one end to the other. The half-width is about 20 units and the half-thickness is about 9 units, while the three-hole row follows the longitudinal centerline and divides the long side into a repeated mounting pattern. The thickness is uniform, the broad faces remain flat, and the hole pattern is aligned with the main longitudinal axis of the plate.","119","695","data/reference_models/stl/UB40-T007.stl"
"UB40-E008","data/reference_models/stl/UB40-T008.stl","generated_outputs_not_included_in_release/open_loop/one-shot/deepseek_per_sample.csv","0","0","","","","","","","","deepseek","Open-loop Workflow","Retained40 open-loop prompt set aligned to retained reference models","One-shot","one_shot","expert","expert","8","88","UB40-T008","UB40-T008","UB40-T008.stl","This object is a centered three-level square pedestal fitting within an overall envelope of about 0.75 by 0.75 by 0.60 units. The lowest portion is a broad square base, above which sits a smaller centered square tier, and the topmost feature is a square pyramid with four sloping triangular faces converging at a single apex. The base therefore has a half-width of about 0.375 units, and the total height of 0.60 units is distributed across three vertically stacked levels rather than a single uniform prism. The whole geometry is symmetric about both plan axes and contains no perforations or asymmetrical secondary elements.","102","626","data/reference_models/stl/UB40-T008.stl"
"UB40-E009","data/reference_models/stl/UB40-T009.stl","generated_outputs_not_included_in_release/open_loop/one-shot/deepseek_per_sample.csv","1","1","0.053806608718251214","0.23922540934207112","True","0.0","1.0","0.5690636818076328","0.45732318781407266","deepseek","Open-loop Workflow","Retained40 open-loop prompt set aligned to retained reference models","One-shot","one_shot","expert","expert","9","89","UB40-T009","UB40-T009","UB40-T009.stl","This part is a thin annular ring with an outer diameter of about 0.5625 units and an overall thickness of about 0.1388 units. The outer radius is therefore about 0.2813 units and the half-thickness about 0.0694 units. The inner circular opening is concentric with the outer boundary, leaving a uniform annular band all around. The top and bottom faces are flat and parallel, and the ring has no spokes, interruptions, or additional radial features.","74","448","data/reference_models/stl/UB40-T009.stl"
"UB40-E010","data/reference_models/stl/UB40-T010.stl","generated_outputs_not_included_in_release/open_loop/one-shot/deepseek_per_sample.csv","1","1","0.07639694889800513","0.37996874322708474","True","2.0","1.0","0.5099848870207967","0.16520420244488715","deepseek","Open-loop Workflow","Retained40 open-loop prompt set aligned to retained reference models","One-shot","one_shot","expert","expert","10","90","UB40-T010","UB40-T010","UB40-T010.stl","This object is a thin U-shaped open frame occupying roughly 0.5625 by 0.2507 by 0.1355 units overall. In plan, the 0.5625-unit span is the long side and the 0.2507-unit span is the short side. The half-thickness is therefore about 0.0678 units, and the long span is more than twice the shorter plan dimension. Its material traces around three sides of a rectangular opening, leaving one long side open, and the two lower ends terminate in short outward-projecting feet. The section remains uniform and prismatic, and the shape does not include circular holes, pockets, tabs, or layered features beyond the basic open frame and feet.","104","632","data/reference_models/stl/UB40-T010.stl"
"UB40-E011","data/reference_models/stl/UB40-T011.stl","generated_outputs_not_included_in_release/open_loop/one-shot/deepseek_per_sample.csv","1","1","0.0033168605328352183","0.010587540308516566","True","2.0","1.0","0.4846454154049535","0.0004085174174777162","deepseek","Open-loop Workflow","Retained40 open-loop prompt set aligned to retained reference models","One-shot","one_shot","expert","expert","11","91","UB40-T011","UB40-T011","UB40-T011.stl","This part is a very slender cylindrical pin about 0.75 units long and about 0.043 units in diameter. The corresponding shaft radius is only about 0.0215 units, giving a length-to-diameter ratio of roughly 17.4, so the form reads as a fine straight pin rather than a stubby peg. The shaft diameter remains constant from one end to the other, and both ends are flat circular faces. The entire form is simple and axisymmetric, with no head, taper, groove, cross-hole, or attached subfeature.","82","488","data/reference_models/stl/UB40-T011.stl"
"UB40-E012","data/reference_models/stl/UB40-T012.stl","generated_outputs_not_included_in_release/open_loop/one-shot/deepseek_per_sample.csv","0","0","","","","","","","","deepseek","Open-loop Workflow","Retained40 open-loop prompt set aligned to retained reference models","One-shot","one_shot","expert","expert","12","92","UB40-T012","UB40-T012","UB40-T012.stl","This object is a thin square-like plate about 0.5625 by 0.4688 units in plan and about 0.0375 units thick, with rounded outer corners. In plan, the 0.5625-unit dimension is the long side and the 0.4688-unit dimension is the short side. The half-thickness is only about 0.0188 units. Near one corner of the top face there is a large circular blind pocket, clearly offset from the plate center and recessed downward without penetrating the bottom face, so the cavity occupies a large fraction of the local corner region while still leaving a continuous base underneath. Outside that one localized pocket, the part remains flat, uniform, and free of other holes, slots, or raised geometry.","113","686","data/reference_models/stl/UB40-T012.stl"
"UB40-E013","data/reference_models/stl/UB40-T013.stl","generated_outputs_not_included_in_release/open_loop/one-shot/deepseek_per_sample.csv","1","1","0.007116673303465471","0.024773621649875566","True","2.0","1.0","0.6600873092856456","2.556016376920045e-05","deepseek","Open-loop Workflow","Retained40 open-loop prompt set aligned to retained reference models","One-shot","one_shot","expert","expert","13","93","UB40-T013","UB40-T013","UB40-T013.stl","This part is a capsule-shaped prism about 0.5625 units long, 0.1238 units wide, and 0.1014 units thick. Because the plan width is about 0.1238 units, each rounded end has a radius of about 0.0619 units. Its outline consists of two straight parallel long edges joined by semicircular ends of equal radius, giving it a pill-like plan shape. The thickness is constant, the top and bottom faces are flat, and the body contains no perforations, recesses, or edge interruptions.","78","472","data/reference_models/stl/UB40-T013.stl"
"UB40-E014","data/reference_models/stl/UB40-T014.stl","generated_outputs_not_included_in_release/open_loop/one-shot/deepseek_per_sample.csv","1","1","0.034627252588575075","0.20751124145084515","True","2.0","1.0","0.7572296788237058","0.020074119186112793","deepseek","Open-loop Workflow","Retained40 open-loop prompt set aligned to retained reference models","One-shot","one_shot","expert","expert","14","94","UB40-T014","UB40-T014","UB40-T014.stl","This object is a thin prism based on a teardrop outline, fitting inside approximately 0.2428 by 0.2428 units and measuring about 0.08 units in thickness. The half-thickness is therefore about 0.04 units. One end is broad and rounded, while the opposite end narrows continuously to a single pointed tip, so the maximum plan span and the pointed termination coexist within the same compact square envelope. The body is otherwise plain, with flat faces through the thickness and no holes, bosses, or side notches.","83","510","data/reference_models/stl/UB40-T014.stl"
"UB40-E015","data/reference_models/stl/UB40-T015.stl","generated_outputs_not_included_in_release/open_loop/one-shot/deepseek_per_sample.csv","1","1","0.056775959344415025","0.1431723643390831","True","2.0","1.0","0.8686024711223721","0.029790120718105273","deepseek","Open-loop Workflow","Retained40 open-loop prompt set aligned to retained reference models","One-shot","one_shot","expert","expert","15","95","UB40-T015","UB40-T015","UB40-T015.stl","This part is a short rotationally symmetric cylindrical body about 80 units long and about 100 units in diameter. The outer radius is therefore about 50 units and the half-length is about 40 units. One end face is a plain full circular disk, whereas the opposite end is not flat in the same way: it contains a concentric stepped circular face with an outer annular rim surrounding a slightly inset inner circle. The outer side wall remains essentially cylindrical instead of forming a tapered frustum, and the part has no side holes, slots, or non-axisymmetric attachments.","96","573","data/reference_models/stl/UB40-T015.stl"
"UB40-E016","data/reference_models/stl/UB40-T016.stl","generated_outputs_not_included_in_release/open_loop/one-shot/deepseek_per_sample.csv","1","1","0.1329777332044302","0.39896203430200405","True","-10.0","0.0","0.4560202296779769","0.03037877784837767","deepseek","Open-loop Workflow","Retained40 open-loop prompt set aligned to retained reference models","One-shot","one_shot","expert","expert","16","96","UB40-T016","UB40-T016","UB40-T016.stl","This object is a compact flange component with an outer diameter of about 25.4 units and an overall axial depth of about 6.76 units. The corresponding outer radius is about 12.7 units and the half-depth is about 3.38 units. The front plate contains one large centered through-hole and six smaller through-holes distributed evenly around it on a circular bolt pattern. On the rear side, a short coaxial cylindrical hub projects from the plate, so the entire body remains strongly concentric and rotationally organized apart from the repeated bolt holes.","89","552","data/reference_models/stl/UB40-T016.stl"
"UB40-E017","data/reference_models/stl/UB40-T017.stl","generated_outputs_not_included_in_release/open_loop/one-shot/deepseek_per_sample.csv","1","1","0.056363658656681165","0.20252743734645337","True","-6.0","1.0","0.3835935279128371","0.005027738634811207","deepseek","Open-loop Workflow","Retained40 open-loop prompt set aligned to retained reference models","One-shot","one_shot","expert","expert","17","97","UB40-T017","UB40-T017","UB40-T017.stl","This part is a flat rectangular mounting plate about 250 units long, 150 units wide, and 16 units thick. The 250-unit span is the long side and the 150-unit span is the short side of the plate. The half-length and half-width are therefore about 125 and 75 units, and the plate has a uniform half-thickness of about 8 units. One circular through-hole sits near each corner, with the four holes inset from the outer edges and arranged symmetrically relative to the long-side and short-side centerlines. Beyond that corner-hole pattern, the plate remains a plain slab with straight edges and no slots, countersinks, pads, or other secondary surface modifications.","108","660","data/reference_models/stl/UB40-T017.stl"
"UB40-E018","data/reference_models/stl/UB40-T018.stl","generated_outputs_not_included_in_release/open_loop/one-shot/deepseek_per_sample.csv","1","1","0.040143270666736036","0.12399484659454765","True","2.0","0.0","0.5752874281383527","0.03143090637533219","deepseek","Open-loop Workflow","Retained40 open-loop prompt set aligned to retained reference models","One-shot","one_shot","expert","expert","18","98","UB40-T018","UB40-T018","UB40-T018.stl","This object is a straight cylindrical rod about 163.8 units long and 16 units in diameter. The shaft radius is therefore about 8 units and the half-length about 81.9 units. Near one end, a small transverse circular hole passes completely through the shaft, perpendicular to the rod axis. Apart from that cross-hole, the shaft remains smooth, constant in diameter, and terminated by flat circular end faces.","66","406","data/reference_models/stl/UB40-T018.stl"
"UB40-E019","data/reference_models/stl/UB40-T019.stl","generated_outputs_not_included_in_release/open_loop/one-shot/deepseek_per_sample.csv","0","0","","","","","","","","deepseek","Open-loop Workflow","Retained40 open-loop prompt set aligned to retained reference models","One-shot","one_shot","expert","expert","19","99","UB40-T019","UB40-T019","UB40-T019.stl","This part is a plate-like solid about 107.95 units wide, 76.2 units tall, and 25.4 units thick. In the front outline, the 107.95-unit horizontal span is the long side and the 76.2-unit vertical span is the short side. The half-width, half-height, and half-thickness are therefore about 53.98, 38.1, and 12.7 units. The lower portion reads as a rectangle, while the upper boundary rises into a broad arch with rounded upper corners, giving the silhouette a softened, sign-like appearance. Two circular through-holes occupy the upper left and upper right regions in roughly mirrored positions, while the central upper area between them remains solid.","102","648","data/reference_models/stl/UB40-T019.stl"
"UB40-E020","data/reference_models/stl/UB40-T020.stl","generated_outputs_not_included_in_release/open_loop/one-shot/deepseek_per_sample.csv","1","1","0.02497119215051252","0.16738985659695146","True","2.0","1.0","0.49716681583478234","0.07223359394057899","deepseek","Open-loop Workflow","Retained40 open-loop prompt set aligned to retained reference models","One-shot","one_shot","expert","expert","20","100","UB40-T020","UB40-T020","UB40-T020.stl","This object is a tall rectangular block with an outer envelope of about 76.2 by 50.8 by 152.4 units. In plan, the top face has a 76.2-unit long side and a 50.8-unit short side. The half-widths of the outer body are therefore about 38.1 and 25.4 units in plan, while the full height reaches 152.4 units. Its key feature is a deep U-shaped slot cut downward from the top face, creating two upper prongs separated by a rectangular opening whose long direction follows the 76.2-unit side. Outside that top opening, the body remains rectilinear and plain, with flat side walls and no additional perforations or side cutouts.","107","619","data/reference_models/stl/UB40-T020.stl"
"UB40-E021","data/reference_models/stl/UB40-T021.stl","generated_outputs_not_included_in_release/open_loop/one-shot/deepseek_per_sample.csv","0","0","","","","","","","","deepseek","Open-loop Workflow","Retained40 open-loop prompt set aligned to retained reference models","One-shot","one_shot","expert","expert","21","101","UB40-T021","UB40-T021","UB40-T021.stl","This part is a thin-walled bracket frame approximately 120 units long, 40 units high, and 21 units deep. The 120-unit span is the long direction of the front view, the 40-unit span is the short vertical side of that front envelope, and the 21-unit measure is the depth. The half-depth is therefore about 10.5 units, and the large central opening occupies most of the 120-by-40 frontal envelope rather than appearing as a small window. Two larger rectangular end plates stand at the left and right short ends, and they are connected by a lower bridge plus a top web whose upper outline rises toward the middle and then slopes back down, rather than staying flat. Those members leave a large rectangular central opening, inside which a narrower upright middle panel carries one large circular hole together with four smaller surrounding holes. Each outer end plate also contains one small hole, so the part reads as an open framed bracket with a perforated central panel rather than as a solid block.","170","998","data/reference_models/stl/UB40-T021.stl"
"UB40-E022","data/reference_models/stl/UB40-T022.stl","generated_outputs_not_included_in_release/open_loop/one-shot/deepseek_per_sample.csv","0","0","","","","","","","","deepseek","Open-loop Workflow","Retained40 open-loop prompt set aligned to retained reference models","One-shot","one_shot","expert","expert","22","102","UB40-T022","UB40-T022","UB40-T022.stl","This object is a flat three-lobed washer-like plate about 299.75 by 276.72 units in plan and about 15 units thick. The half-thickness is therefore about 7.5 units, while the three outer lobes repeat around the center at roughly 120-degree intervals. A circular through-hole lies at the center, the outer perimeter expands into three rounded lobes, and the regions between adjacent lobes are defined by inward-curving concave arcs. The body is thin relative to its span and does not contain any extra holes, ribs, bosses, or stepped thickness regions.","88","550","data/reference_models/stl/UB40-T022.stl"
"UB40-E023","data/reference_models/stl/UB40-T023.stl","generated_outputs_not_included_in_release/open_loop/one-shot/deepseek_per_sample.csv","0","0","","","","","","","","deepseek","Open-loop Workflow","Retained40 open-loop prompt set aligned to retained reference models","One-shot","one_shot","expert","expert","23","103","UB40-T023","UB40-T023","UB40-T023.stl","This part is an elongated mounting plate about 108 units long, 53.1 units wide, and 10.7 units thick. The 108-unit span is the long side and the 53.1-unit span is the short side. The half-width is therefore about 26.55 units and the half-thickness about 5.35 units. At its center is one large circular through-hole, around which four smaller circular holes are arranged, and near each short end there is one additional mounting hole. The outer boundary is not a plain rectangle: shallow stepped transitions modify the side profile along the long direction while the body remains overall thin and plate-like.","100","607","data/reference_models/stl/UB40-T023.stl"
"UB40-E024","data/reference_models/stl/UB40-T024.stl","generated_outputs_not_included_in_release/open_loop/one-shot/deepseek_per_sample.csv","1","1","0.025324695438217894","0.2076381079717085","True","-8.0","0.0","0.3125964345290733","0.008450417752067507","deepseek","Open-loop Workflow","Retained40 open-loop prompt set aligned to retained reference models","One-shot","one_shot","expert","expert","24","104","UB40-T024","UB40-T024","UB40-T024.stl","This object is a thin asymmetric plate about 193.76 by 160 units in plan and 10 units thick. The 193.76-unit span is the long side and the 160-unit span is the short side in plan. The half-thickness is therefore about 5 units. Its perimeter includes a slanted region along one long side, a narrowed middle region, and a forked extension at one short end; five circular mounting holes are distributed through the broader body area. Within the forked end, two long parallel rounded-end slots run side by side, separated by a solid web, so the forked region contains three narrow longitudinal bands measured across the short-side direction: slot, web, slot.","110","654","data/reference_models/stl/UB40-T024.stl"
"UB40-E025","data/reference_models/stl/UB40-T025.stl","generated_outputs_not_included_in_release/open_loop/one-shot/deepseek_per_sample.csv","0","0","","","","","","","","deepseek","Open-loop Workflow","Retained40 open-loop prompt set aligned to retained reference models","One-shot","one_shot","expert","expert","25","105","UB40-T025","UB40-T025","UB40-T025.stl","This part is a thin-walled rectangular box-like shell about 230 units long, 130 units wide, and 45 units thick overall. In plan, the 230-unit span is the long side and the 130-unit span is the short side. The outer half-dimensions are therefore about 115 by 65 by 22.5 units. In plan view the outer boundary is a rounded rectangle, and the exterior edges and corners are smoothly blended rather than sharp. The body is hollow inside, with a broad recessed cavity that opens from one large 230-by-130 face, while the opposite large face remains closed as an end wall. No extra holes, ribs, bosses, or internal partitions are present beyond the single open-sided container form.","115","676","data/reference_models/stl/UB40-T025.stl"
"UB40-E026","data/reference_models/stl/UB40-T026.stl","generated_outputs_not_included_in_release/open_loop/one-shot/deepseek_per_sample.csv","1","1","0.13671803558476353","0.4113918867942365","True","2.0","1.0","0.6235036349184809","0.01803756900468001","deepseek","Open-loop Workflow","Retained40 open-loop prompt set aligned to retained reference models","One-shot","one_shot","expert","expert","26","106","UB40-T026","UB40-T026","UB40-T026.stl","This object is a fastener-like part approximately 12.95 units tall, composed of a broad circular head about 10.5 units across and a short cylindrical shank beneath it. The head radius is therefore about 5.25 units and the overall half-height about 6.48 units. A polygonal socket-like recess is centered in the top face of the head and remains fully contained within the head diameter. The rest of the part is smooth and predominantly rotationally symmetric, without side holes or additional attachments.","80","503","data/reference_models/stl/UB40-T026.stl"
"UB40-E027","data/reference_models/stl/UB40-T027.stl","generated_outputs_not_included_in_release/open_loop/one-shot/deepseek_per_sample.csv","1","1","0.1014787024289368","0.4432801023174593","False","0.0","0.0","0.07887677938755691","0.11787171566070709","deepseek","Open-loop Workflow","Retained40 open-loop prompt set aligned to retained reference models","One-shot","one_shot","expert","expert","27","107","UB40-T027","UB40-T027","UB40-T027.stl","This part is a helical compression spring with an outer diameter of about 8.63 units and a free length of about 8.70 units. The outer coil radius is therefore about 4.32 units, and the spring envelope is almost as long as it is wide. It is formed from round wire wound into multiple evenly spaced turns around a central cylindrical void, with a visually regular pitch from one end to the other. No hooks, end plates, flattened ends, or attached hardware are present.","83","466","data/reference_models/stl/UB40-T027.stl"
"UB40-E028","data/reference_models/stl/UB40-T028.stl","generated_outputs_not_included_in_release/open_loop/one-shot/deepseek_per_sample.csv","1","1","0.023407499592988257","0.05275079106610513","True","0.0","1.0","0.5861043797105148","0.01822786489102779","deepseek","Open-loop Workflow","Retained40 open-loop prompt set aligned to retained reference models","One-shot","one_shot","expert","expert","28","108","UB40-T028","UB40-T028","UB40-T028.stl","This object is a regular hexagonal nut-like solid about 59.96 units across its corners, about 55.87 units across the flats, and about 30.63 units thick. The half-thickness is therefore about 15.32 units, and the corner-to-flat ratio confirms a regular hexagonal outer boundary rather than an irregular polygon. A centered circular through-hole runs along the main axis, leaving a consistent wall around the opening relative to the hexagonal outer boundary. The top and bottom faces are flat and parallel, and the six outer side faces remain planar and evenly spaced.","89","566","data/reference_models/stl/UB40-T028.stl"
"UB40-E029","data/reference_models/stl/UB40-T029.stl","generated_outputs_not_included_in_release/open_loop/one-shot/deepseek_per_sample.csv","1","1","0.10832993935080094","0.3272007490534702","True","-14.0","1.0","0.4782738219533327","0.0005000105111871989","deepseek","Open-loop Workflow","Retained40 open-loop prompt set aligned to retained reference models","One-shot","one_shot","expert","expert","29","109","UB40-T029","UB40-T029","UB40-T029.stl","This part is a flange-type body with an outer diameter of about 228.6 units and a total axial height of about 79.38 units. The outer radius is therefore about 114.3 units and the half-height about 39.69 units. Eight evenly spaced circular bolt holes are distributed around the outer flange plate near the perimeter, so the repeated hole pattern advances in 45-degree increments around the center, while a broad cylindrical hub projects from the rear face at the center. The main body remains concentric and rotationally ordered, with the repeated bolt-hole array as the primary non-axisymmetric feature.","96","603","data/reference_models/stl/UB40-T029.stl"
"UB40-E030","data/reference_models/stl/UB40-T030.stl","generated_outputs_not_included_in_release/open_loop/one-shot/deepseek_per_sample.csv","1","1","0.10445486700605813","0.3306928478816521","True","0.0","1.0","0.42906758894206826","0.06943750819818728","deepseek","Open-loop Workflow","Retained40 open-loop prompt set aligned to retained reference models","One-shot","one_shot","expert","expert","30","110","UB40-T030","UB40-T030","UB40-T030.stl","This object is a bracket-like plate-like part bounded by an overall envelope of about 110 by 85 by 55 units. In the main plate footprint, the 110-unit span is the long side and the 85-unit span is the short side, while 55 units is the depth. The half-extents are therefore about 55, 42.5, and 27.5 units along the three principal directions. From one side of the main body, a large cylindrical boss projects outward and contains a centered circular through-hole along its axis, while a second smaller circular hole passes through the adjacent plate region. At the opposite short-end region, the part is cut by a deep rectangular side opening that creates a clearly stepped open form with an upper overhanging arm and a lower projecting section separated by an empty gap. The opening must remain visibly open, and no diagonal rib, brace, or other connecting web should span that gap. The cylindrical boss should read as a dominant attached feature rather than as a rounded edge of the plate.","170","990","data/reference_models/stl/UB40-T030.stl"
"UB40-E031","data/reference_models/stl/UB40-T031.stl","generated_outputs_not_included_in_release/open_loop/one-shot/deepseek_per_sample.csv","1","1","0.2058508017055891","0.5420234090962576","False","-5.0","0.0","0.11362515775790401","0.08010069450050543","deepseek","Open-loop Workflow","Retained40 open-loop prompt set aligned to retained reference models","One-shot","one_shot","expert","expert","31","111","UB40-T031","UB40-T031","UB40-T031.stl","This part is a long, thin sheet-metal-like angle bracket occupying roughly 381 by 158.75 by 44.45 units overall. The broad rectangular panel therefore has a 381-unit long side and a 158.75-unit short side, while the bent return flange projects roughly 44.45 units in the perpendicular direction, giving half-panel dimensions of about 190.5 by 79.38 units before the edge bend is considered. The dominant element is a broad rectangular panel, and along one long side that panel is bent into a narrow perpendicular return flange that runs continuously along the edge rather than appearing only as a short end tab. Four circular through-holes are placed in a straight line along that narrow flange, while the broad rectangular panel stays plain and unperforated. The section is uniformly thin, the bend is continuous, and there are no extra slots, bosses, or secondary cutouts beyond the four flange holes.","145","903","data/reference_models/stl/UB40-T031.stl"
"UB40-E032","data/reference_models/stl/UB40-T032.stl","generated_outputs_not_included_in_release/open_loop/one-shot/deepseek_per_sample.csv","1","1","0.0418901542443087","0.1553478522936721","True","2.0","1.0","0.36065213036435734","0.1832386461175109","deepseek","Open-loop Workflow","Retained40 open-loop prompt set aligned to retained reference models","One-shot","one_shot","expert","expert","32","112","UB40-T032","UB40-T032","UB40-T032.stl","This object is a plate-like solid with a regular five-pointed star outline spanning about 138.56 by 123.81 units. The five arms repeat around the center at approximately 72-degree intervals. Rising from the center of the top face is a short circular boss, bringing the total height to about 32.03 units while the star body itself remains much thinner. The boss is concentric and visually distinct from the pointed star arms, and no additional holes or recesses are present.","78","473","data/reference_models/stl/UB40-T032.stl"
"UB40-E033","data/reference_models/stl/UB40-T033.stl","generated_outputs_not_included_in_release/open_loop/one-shot/deepseek_per_sample.csv","1","1","0.017986883434804337","0.05956845781539454","True","2.0","0.0","0.15327241837123226","0.14602657411775868","deepseek","Open-loop Workflow","Retained40 open-loop prompt set aligned to retained reference models","One-shot","one_shot","expert","expert","33","113","UB40-T033","UB40-T033","UB40-T033.stl","This part is a shallow tray-like structure with a base footprint of about 420 by 260 units and a total height of about 325 units. The base therefore has a 420-unit long side and a 260-unit short side. The half-footprint is therefore about 210 by 130 units, and the corner posts rise through essentially the full 325-unit height above the base. A flat rectangular base supports one slender upright post at each corner, and the spaces between posts remain open rather than being closed by side walls. The overall form reads as an open frame or tray support, without partitions, covers, or extra perforated details.","105","612","data/reference_models/stl/UB40-T033.stl"
"UB40-E034","data/reference_models/stl/UB40-T034.stl","generated_outputs_not_included_in_release/open_loop/one-shot/deepseek_per_sample.csv","0","0","","","","","","","","deepseek","Open-loop Workflow","Retained40 open-loop prompt set aligned to retained reference models","One-shot","one_shot","expert","expert","34","114","UB40-T034","UB40-T034","UB40-T034.stl","This object is a thin plate about 170 units long, 120 units wide, and 15 units thick, with a softened octagonal or rounded-rectangular outline. The 170-unit span is the long side and the 120-unit span is the short side. The half-length, half-width, and half-thickness are therefore about 85, 60, and 7.5 units. Two circular through-holes sit near the opposite short-end regions along the long axis, aligned with each other and separated by a clear central solid region. The perimeter stays smooth, with no teeth, slots, or other secondary edge features.","90","553","data/reference_models/stl/UB40-T034.stl"
"UB40-E035","data/reference_models/stl/UB40-T035.stl","generated_outputs_not_included_in_release/open_loop/one-shot/deepseek_per_sample.csv","1","1","0.07706291335296692","0.26542403266428516","True","2.0","1.0","0.3837119762737663","0.23038758113037328","deepseek","Open-loop Workflow","Retained40 open-loop prompt set aligned to retained reference models","One-shot","one_shot","expert","expert","35","115","UB40-T035","UB40-T035","UB40-T035.stl","This part is a compact rotationally symmetric solid component with an outer diameter of about 59.21 units and an axial length of about 27.94 units. The outer radius is therefore about 29.61 units and the half-length about 13.97 units. Instead of a single plain cylinder, the body is built from three coaxial circular discs or rim-like flanges positioned at different axial locations around a shared solid cylindrical center. The three round elements overlap in projection and create a layered spool-like silhouette, with one broader outer flange and two additional circular plates offset along the axis rather than a simple monotonic stepped cone. The center remains solid, and there are no spokes, cross-holes, or non-circular interruptions.","115","742","data/reference_models/stl/UB40-T035.stl"
"UB40-E036","data/reference_models/stl/UB40-T036.stl","generated_outputs_not_included_in_release/open_loop/one-shot/deepseek_per_sample.csv","1","1","0.28670686878821783","0.6172112699693836","True","0.0","1.0","0.4356764803779212","1.1185480851161334e-05","deepseek","Open-loop Workflow","Retained40 open-loop prompt set aligned to retained reference models","One-shot","one_shot","expert","expert","36","116","UB40-T036","UB40-T036","UB40-T036.stl","This object is a torus with an outer diameter of about 49.05 units and a rounded tube diameter of about 5.08 units. The corresponding outer radius is about 24.53 units, the tube radius about 2.54 units, and the major centerline radius about 21.99 units. The ring is continuous, smooth, and fully closed, with a circular centerline and a circular-section tube all the way around. No flats, cuts, seams, tabs, or local protrusions interrupt the otherwise pure toroidal geometry.","78","476","data/reference_models/stl/UB40-T036.stl"
"UB40-E037","data/reference_models/stl/UB40-T037.stl","generated_outputs_not_included_in_release/open_loop/one-shot/deepseek_per_sample.csv","1","1","0.18292217241211906","0.6782271179102978","True","-8.0","1.0","0.3945276603596703","0.16108654014542256","deepseek","Open-loop Workflow","Retained40 open-loop prompt set aligned to retained reference models","One-shot","one_shot","expert","expert","37","117","UB40-T037","UB40-T037","UB40-T037.stl","This part is a ninety-degree angle bracket about 70 units long, 35 units high, and 20 units deep. The 70-unit span is the long direction of the horizontal flange, the 35-unit span is the vertical rise of the short flange, and the 20-unit measure is the depth. The half-depth is therefore about 10 units, and the two flanges meet as a simple constant-thickness bend rather than as separate assembled pieces. The horizontal flange contains three larger circular through-holes arranged in a row along the long direction, while the vertical flange contains two smaller mounting holes. Both flanges are of uniform thickness, and the geometry remains a simple bent bracket without added ribs or unnecessary local complexity.","116","718","data/reference_models/stl/UB40-T037.stl"
"UB40-E038","data/reference_models/stl/UB40-T038.stl","generated_outputs_not_included_in_release/open_loop/one-shot/deepseek_per_sample.csv","1","1","0.09712196964138045","0.3161920209023603","False","2.0","1.0","1.5835351493926684","0.971234484497674","deepseek","Open-loop Workflow","Retained40 open-loop prompt set aligned to retained reference models","One-shot","one_shot","expert","expert","38","118","UB40-T038","UB40-T038","UB40-T038.stl","This object is an upright block with overall dimensions of about 50.8 by 50.8 by 101.6 units. Because the footprint is square, there is no long-side versus short-side distinction in plan; both horizontal spans are 50.8 units. The half-widths are therefore about 25.4 by 25.4 units and the half-height about 50.8 units. Its top edge slopes from one side face to the opposite side face rather than remaining level, and one side contains a deep rectangular recess that removes enough material to create an L-shaped side profile. Other than that large side recess, the exterior stays plain and free of round holes, bosses, or extra attachments.","106","640","data/reference_models/stl/UB40-T038.stl"
"UB40-E039","data/reference_models/stl/UB40-T039.stl","generated_outputs_not_included_in_release/open_loop/one-shot/deepseek_per_sample.csv","0","0","","","","","","","","deepseek","Open-loop Workflow","Retained40 open-loop prompt set aligned to retained reference models","One-shot","one_shot","expert","expert","39","119","UB40-T039","UB40-T039","UB40-T039.stl","This part is a clevis-like block about 127 units long and about 50.8 by 50.8 units in the other two directions. The 127-unit measure is the long axis of the part, while the cross-section is square so there is no long-side versus short-side distinction across the 50.8-by-50.8 section. The square cross-section therefore has half-widths of about 25.4 units, and the rounded lug sits within that same overall width rather than projecting far beyond it. One end forms a rounded lug with a circular through-hole, and a top slot cut into that same end splits the material into two parallel arms. The opposite end remains a more solid rectangular mass without extra holes or local cut features.","116","688","data/reference_models/stl/UB40-T039.stl"
"UB40-E040","data/reference_models/stl/UB40-T040.stl","generated_outputs_not_included_in_release/open_loop/one-shot/deepseek_per_sample.csv","0","0","","","","","","","","deepseek","Open-loop Workflow","Retained40 open-loop prompt set aligned to retained reference models","One-shot","one_shot","expert","expert","40","120","UB40-T040","UB40-T040","UB40-T040.stl","This object is a bracket-like solid about 79.86 units long, 50 units high, and 40 units deep. The 79.86-unit span is the long direction of the part, the 50-unit measure is the vertical height, and the 40-unit measure is the depth. The half-depth is therefore about 20 units, and the rounded perforated end and the thicker terminal block occupy opposite sides of the same 79.86-unit span. One end is rounded and contains a circular through-hole, the opposite end thickens into a terminal block, and a triangular support rib rises beneath the upper arm. The angled void beneath the arm remains open and should not be filled in by extra connecting material.","111","654","data/reference_models/stl/UB40-T040.stl"
"UB40-I001","data/reference_models/stl/UB40-T001.stl","generated_outputs_not_included_in_release/open_loop/one-shot/deepseek_per_sample.csv","1","1","0.03660607328586563","0.10687317580207428","True","2.0","1.0","0.8575169351604587","0.00683724858170609","deepseek","Open-loop Workflow","Retained40 open-loop prompt set aligned to retained reference models","One-shot","one_shot","intermediate","intermediate","1","41","UB40-T001","UB40-T001","UB40-T001.stl","A vertically oriented circular frustum about 50 units tall, with a larger circular end of roughly 40 units in diameter and a slightly smaller circular end at the opposite side. The side wall tapers smoothly between the two flat faces, and no holes, grooves, or secondary features are present.","49","292","data/reference_models/stl/UB40-T001.stl"
"UB40-I002","data/reference_models/stl/UB40-T002.stl","generated_outputs_not_included_in_release/open_loop/one-shot/deepseek_per_sample.csv","1","1","0.009903453177407682","0.03251546135655881","True","2.0","1.0","0.12607313496967623","7.951920163237758e-05","deepseek","Open-loop Workflow","Retained40 open-loop prompt set aligned to retained reference models","One-shot","one_shot","intermediate","intermediate","2","42","UB40-T002","UB40-T002","UB40-T002.stl","A very thin plate with an almost square footprint of about 0.56 by 0.51 units and a thickness of only about 0.0066 units. The top and bottom faces are flat and parallel, the edges are straight, and the part has no holes or cutouts.","44","231","data/reference_models/stl/UB40-T002.stl"
"UB40-I003","data/reference_models/stl/UB40-T003.stl","generated_outputs_not_included_in_release/open_loop/one-shot/deepseek_per_sample.csv","1","1","0.01375939362157302","0.0437493708835212","True","2.0","1.0","0.7950071020482234","0.003654610560413496","deepseek","Open-loop Workflow","Retained40 open-loop prompt set aligned to retained reference models","One-shot","one_shot","intermediate","intermediate","3","43","UB40-T003","UB40-T003","UB40-T003.stl","A short solid cylinder about 0.56 units in diameter and about 0.23 units high. Both ends are flat and circular, and the side surface is smooth and constant without tapers or holes.","32","180","data/reference_models/stl/UB40-T003.stl"
"UB40-I004","data/reference_models/stl/UB40-T004.stl","generated_outputs_not_included_in_release/open_loop/one-shot/deepseek_per_sample.csv","0","0","","","","","","","","deepseek","Open-loop Workflow","Retained40 open-loop prompt set aligned to retained reference models","One-shot","one_shot","intermediate","intermediate","4","44","UB40-T004","UB40-T004","UB40-T004.stl","A solid rectangular bar roughly 0.75 units long, 0.375 units wide, and 0.0938 units thick, with a single semicircular notch removed from the middle of one short side. Apart from that half-round side cut, the rest of the body remains a simple flat-faced prism.","44","259","data/reference_models/stl/UB40-T004.stl"
"UB40-I005","data/reference_models/stl/UB40-T005.stl","generated_outputs_not_included_in_release/open_loop/one-shot/deepseek_per_sample.csv","1","1","0.15035579521891818","0.6047335596459162","True","2.0","0.0","0.5390131396861438","0.026930615270975955","deepseek","Open-loop Workflow","Retained40 open-loop prompt set aligned to retained reference models","One-shot","one_shot","intermediate","intermediate","5","45","UB40-T005","UB40-T005","UB40-T005.stl","A thin triangular mounting plate spanning roughly 0.56 by 0.54 units in plan and about 0.0758 units thick. The three corners are rounded, and one circular through-hole is placed near each corner.","32","195","data/reference_models/stl/UB40-T005.stl"
"UB40-I006","data/reference_models/stl/UB40-T006.stl","generated_outputs_not_included_in_release/open_loop/one-shot/deepseek_per_sample.csv","1","1","0.017642704101544046","0.1876681458935344","True","2.0","0.0","0.744642583258271","0.09145513285521012","deepseek","Open-loop Workflow","Retained40 open-loop prompt set aligned to retained reference models","One-shot","one_shot","intermediate","intermediate","6","46","UB40-T006","UB40-T006","UB40-T006.stl","A rectangular block about 80 by 50 by 30 units overall, where the 80-unit dimension is the long side of the top face and the 50-unit dimension is the short side. One large circular blind recess opens from that top face, sits near the middle of the 80-by-50 surface, and does not pass through the part.","56","301","data/reference_models/stl/UB40-T006.stl"
"UB40-I007","data/reference_models/stl/UB40-T007.stl","generated_outputs_not_included_in_release/open_loop/one-shot/deepseek_per_sample.csv","1","1","0.016618265324656708","0.06898522146761094","True","-4.0","1.0","0.5510674679006583","0.008322736394220098","deepseek","Open-loop Workflow","Retained40 open-loop prompt set aligned to retained reference models","One-shot","one_shot","intermediate","intermediate","7","47","UB40-T007","UB40-T007","UB40-T007.stl","A thin tapered plate about 120 units long, 40 units wide, and 18 units thick, with the 120-unit span as the long side and the 40-unit span as the short side of the plate. Three circular through-holes are aligned along the long axis with roughly even spacing.","47","258","data/reference_models/stl/UB40-T007.stl"
"UB40-I008","data/reference_models/stl/UB40-T008.stl","generated_outputs_not_included_in_release/open_loop/one-shot/deepseek_per_sample.csv","1","1","0.029782022629800883","0.09746227463196927","True","2.0","1.0","0.7001485126914295","0.024095440370505705","deepseek","Open-loop Workflow","Retained40 open-loop prompt set aligned to retained reference models","One-shot","one_shot","intermediate","intermediate","8","48","UB40-T008","UB40-T008","UB40-T008.stl","A stepped square pedestal with an overall footprint of about 0.75 by 0.75 units and a total height of about 0.60 units. The shape is built from a broad square base, a smaller centered square tier, and a square pyramid rising from the top.","44","238","data/reference_models/stl/UB40-T008.stl"
"UB40-I009","data/reference_models/stl/UB40-T009.stl","generated_outputs_not_included_in_release/open_loop/one-shot/deepseek_per_sample.csv","1","1","0.056043315211400054","0.23974449790948318","True","0.0","1.0","0.532698878779447","0.4209583847858869","deepseek","Open-loop Workflow","Retained40 open-loop prompt set aligned to retained reference models","One-shot","one_shot","intermediate","intermediate","9","49","UB40-T009","UB40-T009","UB40-T009.stl","A thin circular ring with an outer diameter of about 0.56 units and an overall thickness of about 0.1388 units. The inner opening is concentric with the outer boundary, leaving a uniform annular band around the hole.","37","216","data/reference_models/stl/UB40-T009.stl"
"UB40-I010","data/reference_models/stl/UB40-T010.stl","generated_outputs_not_included_in_release/open_loop/one-shot/deepseek_per_sample.csv","1","1","0.12484113327994384","0.4110535006486727","True","2.0","1.0","0.19494100727375507","0.14983967730215447","deepseek","Open-loop Workflow","Retained40 open-loop prompt set aligned to retained reference models","One-shot","one_shot","intermediate","intermediate","10","50","UB40-T010","UB40-T010","UB40-T010.stl","A narrow U-shaped frame occupying about 0.56 by 0.25 by 0.14 units overall, where the 0.56-unit span is the long side and the 0.25-unit span is the short side in plan. It is formed from a thin strip of uniform thickness, open on one long side, with two short feet projecting at the lower ends.","55","293","data/reference_models/stl/UB40-T010.stl"
"UB40-I011","data/reference_models/stl/UB40-T011.stl","generated_outputs_not_included_in_release/open_loop/one-shot/deepseek_per_sample.csv","1","1","0.003319177914254426","0.011100654989652887","True","2.0","1.0","0.4846454154049535","0.0004085174174777162","deepseek","Open-loop Workflow","Retained40 open-loop prompt set aligned to retained reference models","One-shot","one_shot","intermediate","intermediate","11","51","UB40-T011","UB40-T011","UB40-T011.stl","A very slender straight cylindrical pin approximately 0.75 units long and about 0.043 units in diameter. The shaft stays constant in section from end to end, and both ends are flat.","31","181","data/reference_models/stl/UB40-T011.stl"
"UB40-I012","data/reference_models/stl/UB40-T012.stl","generated_outputs_not_included_in_release/open_loop/one-shot/deepseek_per_sample.csv","1","1","0.0139402269169822","0.05965123692753172","True","2.0","1.0","0.3456377603845922","0.01828040045118784","deepseek","Open-loop Workflow","Retained40 open-loop prompt set aligned to retained reference models","One-shot","one_shot","intermediate","intermediate","12","52","UB40-T012","UB40-T012","UB40-T012.stl","A thin plate measuring about 0.56 by 0.47 units in plan and about 0.0375 units thick, with the 0.56-unit span as the long side and the 0.47-unit span as the short side. Near one corner of the top face, a large circular blind pocket is recessed downward without passing through the plate.","52","287","data/reference_models/stl/UB40-T012.stl"
"UB40-I013","data/reference_models/stl/UB40-T013.stl","generated_outputs_not_included_in_release/open_loop/one-shot/deepseek_per_sample.csv","1","1","0.007058956092744732","0.02547139347762225","True","2.0","1.0","0.6605267187938406","0.00046496967196418826","deepseek","Open-loop Workflow","Retained40 open-loop prompt set aligned to retained reference models","One-shot","one_shot","intermediate","intermediate","13","53","UB40-T013","UB40-T013","UB40-T013.stl","An elongated capsule-shaped prism about 0.56 units long, 0.124 units wide, and 0.101 units thick. The outline has two straight parallel sides joined by semicircular ends, and the part has no holes or recesses.","34","209","data/reference_models/stl/UB40-T013.stl"
"UB40-I014","data/reference_models/stl/UB40-T014.stl","generated_outputs_not_included_in_release/open_loop/one-shot/deepseek_per_sample.csv","0","0","","","","","","","","deepseek","Open-loop Workflow","Retained40 open-loop prompt set aligned to retained reference models","One-shot","one_shot","intermediate","intermediate","14","54","UB40-T014","UB40-T014","UB40-T014.stl","A thin solid prism extruded from a teardrop profile, fitting within roughly 0.243 by 0.243 units and having a thickness of about 0.08 units. One end is broad and rounded, while the opposite end narrows smoothly to a single point.","40","229","data/reference_models/stl/UB40-T014.stl"
"UB40-I015","data/reference_models/stl/UB40-T015.stl","generated_outputs_not_included_in_release/open_loop/one-shot/deepseek_per_sample.csv","1","1","0.05897530180827796","0.15292583184627628","True","2.0","1.0","0.8200472692446962","0.0783453225957812","deepseek","Open-loop Workflow","Retained40 open-loop prompt set aligned to retained reference models","One-shot","one_shot","intermediate","intermediate","15","55","UB40-T015","UB40-T015","UB40-T015.stl","A short axisymmetric cylinder about 80 units long and about 100 units in diameter. One circular end is plain and flat, while the opposite circular end has a concentric stepped face that leaves an outer annular rim around a slightly inset inner circle. The main side wall stays cylindrical rather than tapering like a frustum.","55","325","data/reference_models/stl/UB40-T015.stl"
"UB40-I016","data/reference_models/stl/UB40-T016.stl","generated_outputs_not_included_in_release/open_loop/one-shot/deepseek_per_sample.csv","1","1","0.13825958680702155","0.39862833576873224","True","-12.0","1.0","0.43899816499053496","0.01335671316093573","deepseek","Open-loop Workflow","Retained40 open-loop prompt set aligned to retained reference models","One-shot","one_shot","intermediate","intermediate","16","56","UB40-T016","UB40-T016","UB40-T016.stl","A circular flange-like part with an outer diameter of about 25.4 units and an overall axial depth of about 6.76 units. It has one large central through-hole, six smaller evenly spaced bolt holes around it, and a short coaxial hub on the rear side.","44","247","data/reference_models/stl/UB40-T016.stl"
"UB40-I017","data/reference_models/stl/UB40-T017.stl","generated_outputs_not_included_in_release/open_loop/one-shot/deepseek_per_sample.csv","1","1","0.05597393952926432","0.20296730519880413","True","-6.0","1.0","0.3835935279128371","0.005027738634811207","deepseek","Open-loop Workflow","Retained40 open-loop prompt set aligned to retained reference models","One-shot","one_shot","intermediate","intermediate","17","57","UB40-T017","UB40-T017","UB40-T017.stl","A flat rectangular mounting plate about 250 units long, 150 units wide, and 16 units thick, with a 250-unit long side and a 150-unit short side. One circular through-hole is placed near each corner, while the rest of the plate remains plain and flat.","44","250","data/reference_models/stl/UB40-T017.stl"
"UB40-I018","data/reference_models/stl/UB40-T018.stl","generated_outputs_not_included_in_release/open_loop/one-shot/deepseek_per_sample.csv","1","1","0.03945614028302998","0.12342594888587663","True","0.0","1.0","0.5584048414772668","0.014548319714246305","deepseek","Open-loop Workflow","Retained40 open-loop prompt set aligned to retained reference models","One-shot","one_shot","intermediate","intermediate","18","58","UB40-T018","UB40-T018","UB40-T018.stl","A straight cylindrical rod about 163.8 units long and about 16 units in diameter, with flat circular ends. Near one end, a small transverse through-hole passes laterally through the shaft.","30","188","data/reference_models/stl/UB40-T018.stl"
"UB40-I019","data/reference_models/stl/UB40-T019.stl","generated_outputs_not_included_in_release/open_loop/one-shot/deepseek_per_sample.csv","0","0","","","","","","","","deepseek","Open-loop Workflow","Retained40 open-loop prompt set aligned to retained reference models","One-shot","one_shot","intermediate","intermediate","19","59","UB40-T019","UB40-T019","UB40-T019.stl","A plate-like solid about 108 units wide, 76.2 units tall, and 25.4 units thick, with the 108-unit horizontal span as the longer side of the front outline and the 76.2-unit vertical span as the shorter side. The lower portion is rectangular and the top edge forms a broad arch. Two circular through-holes sit near the upper left and upper right portions of the plate.","64","366","data/reference_models/stl/UB40-T019.stl"
"UB40-I020","data/reference_models/stl/UB40-T020.stl","generated_outputs_not_included_in_release/open_loop/one-shot/deepseek_per_sample.csv","1","1","0.025162211373604852","0.16710274940760295","False","2.0","1.0","0.4829138135267305","0.08648659624863081","deepseek","Open-loop Workflow","Retained40 open-loop prompt set aligned to retained reference models","One-shot","one_shot","intermediate","intermediate","20","60","UB40-T020","UB40-T020","UB40-T020.stl","A tall rectangular block about 76.2 by 50.8 units in footprint and about 152.4 units high, where 76.2 is the long side and 50.8 is the short side of the top face. A deep U-shaped slot is cut downward from the top face, leaving two upper prongs while the outer side faces remain plain.","54","284","data/reference_models/stl/UB40-T020.stl"
"UB40-I021","data/reference_models/stl/UB40-T021.stl","generated_outputs_not_included_in_release/open_loop/one-shot/deepseek_per_sample.csv","0","0","","","","","","","","deepseek","Open-loop Workflow","Retained40 open-loop prompt set aligned to retained reference models","One-shot","one_shot","intermediate","intermediate","21","61","UB40-T021","UB40-T021","UB40-T021.stl","A thin-walled bracket-like frame about 120 units long, 40 units high, and 21 units deep. The 120-unit span is the long direction of the frame, the 40-unit span is the vertical short side of the front view, and the 21-unit measure is the depth. It has two larger rectangular end plates, a sloped top connection, and a lower bridge that together leave a large open central window. In the middle of that opening sits a vertical panel with one large circular hole and four smaller holes around it, while each end plate also contains one small hole.","97","544","data/reference_models/stl/UB40-T021.stl"
"UB40-I022","data/reference_models/stl/UB40-T022.stl","generated_outputs_not_included_in_release/open_loop/one-shot/deepseek_per_sample.csv","0","0","","","","","","","","deepseek","Open-loop Workflow","Retained40 open-loop prompt set aligned to retained reference models","One-shot","one_shot","intermediate","intermediate","22","62","UB40-T022","UB40-T022","UB40-T022.stl","A thin three-lobed ring-like plate roughly 300 by 277 units in plan and about 15 units thick. It has a circular center hole, three rounded outer lobes, and three concave side regions between those lobes.","35","203","data/reference_models/stl/UB40-T022.stl"
"UB40-I023","data/reference_models/stl/UB40-T023.stl","generated_outputs_not_included_in_release/open_loop/one-shot/deepseek_per_sample.csv","1","1","0.10464373925735276","0.293772533350398","True","-12.0","1.0","0.35607036296317524","0.17233933235734242","deepseek","Open-loop Workflow","Retained40 open-loop prompt set aligned to retained reference models","One-shot","one_shot","intermediate","intermediate","23","63","UB40-T023","UB40-T023","UB40-T023.stl","A thin stepped mounting plate about 108 units long, 53.1 units wide, and 10.7 units thick, with a 108-unit long side and a 53.1-unit short side. It contains one large central through-hole, four smaller holes grouped around that center, and one additional mounting hole near each short end.","48","289","data/reference_models/stl/UB40-T023.stl"
"UB40-I024","data/reference_models/stl/UB40-T024.stl","generated_outputs_not_included_in_release/open_loop/one-shot/deepseek_per_sample.csv","1","1","0.026132543334981457","0.2083906568142107","True","-12.0","0.0","0.3127201619711804","0.008326690309960416","deepseek","Open-loop Workflow","Retained40 open-loop prompt set aligned to retained reference models","One-shot","one_shot","intermediate","intermediate","24","64","UB40-T024","UB40-T024","UB40-T024.stl","A flat asymmetric plate about 193.8 by 160 units in plan and about 10 units thick, with a 193.8-unit long span and a 160-unit short span. The outline includes a slanted long-side region, a forked end on one short side, five circular mounting holes, and two long parallel slots cut through one arm.","53","297","data/reference_models/stl/UB40-T024.stl"
"UB40-I025","data/reference_models/stl/UB40-T025.stl","generated_outputs_not_included_in_release/open_loop/one-shot/deepseek_per_sample.csv","1","1","0.1374193712874641","0.33132776229981853","True","2.0","1.0","0.17596420355741763","0.010426309298723374","deepseek","Open-loop Workflow","Retained40 open-loop prompt set aligned to retained reference models","One-shot","one_shot","intermediate","intermediate","25","65","UB40-T025","UB40-T025","UB40-T025.stl","A rounded rectangular hollow box about 230 units long, 130 units wide, and 45 units thick, with a 230-unit long side and a 130-unit short side in plan. The outer edges are smoothly rounded, the interior is recessed and empty, one large 230-by-130 face is open, and the opposite large face remains closed.","53","304","data/reference_models/stl/UB40-T025.stl"
"UB40-I026","data/reference_models/stl/UB40-T026.stl","generated_outputs_not_included_in_release/open_loop/one-shot/deepseek_per_sample.csv","0","0","","","","","","","","deepseek","Open-loop Workflow","Retained40 open-loop prompt set aligned to retained reference models","One-shot","one_shot","intermediate","intermediate","26","66","UB40-T026","UB40-T026","UB40-T026.stl","A fastener-like part about 12.95 units high with a broad circular head around 10.5 units across and a short cylindrical shank beneath it. The top of the head contains a recessed polygonal socket.","33","195","data/reference_models/stl/UB40-T026.stl"
"UB40-I027","data/reference_models/stl/UB40-T027.stl","generated_outputs_not_included_in_release/open_loop/one-shot/deepseek_per_sample.csv","0","0","","","","","","","","deepseek","Open-loop Workflow","Retained40 open-loop prompt set aligned to retained reference models","One-shot","one_shot","intermediate","intermediate","27","67","UB40-T027","UB40-T027","UB40-T027.stl","A helical compression spring with an outer diameter of about 8.63 units and a free length of about 8.70 units. It is formed from a round wire wound into multiple evenly spaced turns around an open central axis.","38","210","data/reference_models/stl/UB40-T027.stl"
"UB40-I028","data/reference_models/stl/UB40-T028.stl","generated_outputs_not_included_in_release/open_loop/one-shot/deepseek_per_sample.csv","1","1","0.0850755562201252","0.356289188410228","False","3.0","0.0","0.560126506640252","0.007750008179234991","deepseek","Open-loop Workflow","Retained40 open-loop prompt set aligned to retained reference models","One-shot","one_shot","intermediate","intermediate","28","68","UB40-T028","UB40-T028","UB40-T028.stl","A hexagonal nut-like solid about 60 units across its outer corners, about 55.9 units across the flats, and about 30.6 units thick. A centered circular through-hole passes straight through the middle.","31","199","data/reference_models/stl/UB40-T028.stl"
"UB40-I029","data/reference_models/stl/UB40-T029.stl","generated_outputs_not_included_in_release/open_loop/one-shot/deepseek_per_sample.csv","1","1","0.10935517868042707","0.32716227811422843","True","-14.0","1.0","0.4342964938241021","0.04447733864041775","deepseek","Open-loop Workflow","Retained40 open-loop prompt set aligned to retained reference models","One-shot","one_shot","intermediate","intermediate","29","69","UB40-T029","UB40-T029","UB40-T029.stl","A circular flange about 228.6 units in diameter and about 79.4 units high overall. Around the flange plate are eight evenly spaced bolt holes, and from the rear center projects a broad cylindrical hub.","34","201","data/reference_models/stl/UB40-T029.stl"
"UB40-I030","data/reference_models/stl/UB40-T030.stl","generated_outputs_not_included_in_release/open_loop/one-shot/deepseek_per_sample.csv","0","0","","","","","","","","deepseek","Open-loop Workflow","Retained40 open-loop prompt set aligned to retained reference models","One-shot","one_shot","intermediate","intermediate","30","70","UB40-T030","UB40-T030","UB40-T030.stl","A bracket-like part about 110 by 85 by 55 units overall. The main plate region spans 110 units along its long side and 85 units along its short side, while 55 units is the depth. One side carries a large cylindrical boss with a central through-hole, and the adjacent plate area contains one smaller circular hole. At the opposite end, a deep rectangular side opening removes material and leaves separated upper and lower projections with an open gap between them.","80","463","data/reference_models/stl/UB40-T030.stl"
"UB40-I031","data/reference_models/stl/UB40-T031.stl","generated_outputs_not_included_in_release/open_loop/one-shot/deepseek_per_sample.csv","1","1","0.20315401453705983","0.5418278728372442","True","-6.0","1.0","0.08897608915187226","0.10474976310653718","deepseek","Open-loop Workflow","Retained40 open-loop prompt set aligned to retained reference models","One-shot","one_shot","intermediate","intermediate","31","71","UB40-T031","UB40-T031","UB40-T031.stl","A long thin L-shaped bracket fitting inside an overall envelope of about 381 by 158.75 by 44.45 units. The broad panel has a 381-unit long side and a 158.75-unit short side, and along one long edge runs a narrow perpendicular flange formed by a continuous bend. That flange contains four circular through-holes arranged in a straight line, while the broad panel itself remains plain and unperforated.","66","400","data/reference_models/stl/UB40-T031.stl"
"UB40-I032","data/reference_models/stl/UB40-T032.stl","generated_outputs_not_included_in_release/open_loop/one-shot/deepseek_per_sample.csv","1","1","0.047024042640067425","0.1782595932265009","True","2.0","1.0","0.23665459337743935","0.3072361831044289","deepseek","Open-loop Workflow","Retained40 open-loop prompt set aligned to retained reference models","One-shot","one_shot","intermediate","intermediate","32","72","UB40-T032","UB40-T032","UB40-T032.stl","A five-pointed star-shaped plate spanning about 138.6 by 123.8 units, with an overall height of about 32.0 units because of a short central cylindrical boss. The star body is thin and flat, while the circular boss rises from the middle of the top face.","44","252","data/reference_models/stl/UB40-T032.stl"
"UB40-I033","data/reference_models/stl/UB40-T033.stl","generated_outputs_not_included_in_release/open_loop/one-shot/deepseek_per_sample.csv","1","1","0.01949949691534681","0.051310586481147634","True","6.0","1.0","0.194755202432611","0.10454379005637995","deepseek","Open-loop Workflow","Retained40 open-loop prompt set aligned to retained reference models","One-shot","one_shot","intermediate","intermediate","33","73","UB40-T033","UB40-T033","UB40-T033.stl","A shallow open tray-like structure with an overall footprint of about 420 by 260 units and a total height of about 325 units. The base therefore has a 420-unit long side and a 260-unit short side. It has a flat rectangular base plate and four slender corner posts, leaving the interior open between them.","54","304","data/reference_models/stl/UB40-T033.stl"
"UB40-I034","data/reference_models/stl/UB40-T034.stl","generated_outputs_not_included_in_release/open_loop/one-shot/deepseek_per_sample.csv","1","1","0.03196413153693079","0.15016149878341314","True","2.0","0.0","0.4432799311558671","0.010627438846372683","deepseek","Open-loop Workflow","Retained40 open-loop prompt set aligned to retained reference models","One-shot","one_shot","intermediate","intermediate","34","74","UB40-T034","UB40-T034","UB40-T034.stl","A thin plate about 170 units long, 120 units wide, and 15 units thick, with a 170-unit long side and a 120-unit short side. Its outer profile is rounded-octagonal, and two circular through-holes are placed near the opposite rounded ends along the long axis.","44","257","data/reference_models/stl/UB40-T034.stl"
"UB40-I035","data/reference_models/stl/UB40-T035.stl","generated_outputs_not_included_in_release/open_loop/one-shot/deepseek_per_sample.csv","1","1","0.0808783943133443","0.2649413508744139","True","2.0","1.0","0.22407540284542637","0.3900241545587132","deepseek","Open-loop Workflow","Retained40 open-loop prompt set aligned to retained reference models","One-shot","one_shot","intermediate","intermediate","35","75","UB40-T035","UB40-T035","UB40-T035.stl","A rotationally symmetric solid round part with an outer diameter of about 59.2 units and an axial length of about 27.9 units. It is formed by three overlapping coaxial circular discs or rims arranged at different axial positions around a shared central cylindrical core, giving the object a layered spool-like profile without spokes or side holes.","56","347","data/reference_models/stl/UB40-T035.stl"
"UB40-I036","data/reference_models/stl/UB40-T036.stl","generated_outputs_not_included_in_release/open_loop/one-shot/deepseek_per_sample.csv","1","1","0.28949664321334945","0.6276077388536503","True","0.0","1.0","0.42008444415869484","0.015603221700077552","deepseek","Open-loop Workflow","Retained40 open-loop prompt set aligned to retained reference models","One-shot","one_shot","intermediate","intermediate","36","76","UB40-T036","UB40-T036","UB40-T036.stl","A torus-like ring with an outer diameter of about 49.05 units and a rounded tube diameter of about 5.08 units. The shape is fully continuous and rotationally symmetric, with no breaks or flats.","33","193","data/reference_models/stl/UB40-T036.stl"
"UB40-I037","data/reference_models/stl/UB40-T037.stl","generated_outputs_not_included_in_release/open_loop/one-shot/deepseek_per_sample.csv","1","1","0.1909026358759387","0.7063610953588019","True","2.0","0.0","0.3152317560056912","0.08179063579144347","deepseek","Open-loop Workflow","Retained40 open-loop prompt set aligned to retained reference models","One-shot","one_shot","intermediate","intermediate","37","77","UB40-T037","UB40-T037","UB40-T037.stl","A bent angle bracket about 70 units long, 35 units high, and 20 units deep. The 70-unit measure is the long direction of the horizontal flange, the 35-unit measure is the upright height, and the 20-unit measure is the depth. The horizontal flange contains three large circular holes in a row, while the vertical flange contains two smaller mounting holes.","60","355","data/reference_models/stl/UB40-T037.stl"
"UB40-I038","data/reference_models/stl/UB40-T038.stl","generated_outputs_not_included_in_release/open_loop/one-shot/deepseek_per_sample.csv","1","1","0.046396805511699266","0.2528674377233802","True","2.0","1.0","0.6431307981760817","0.030830133281087302","deepseek","Open-loop Workflow","Retained40 open-loop prompt set aligned to retained reference models","One-shot","one_shot","intermediate","intermediate","38","78","UB40-T038","UB40-T038","UB40-T038.stl","A tall upright block about 101.6 units high with a base envelope of roughly 50.8 by 50.8 units. The top edge slopes from one side to the other, and one side contains a deep rectangular recess.","36","192","data/reference_models/stl/UB40-T038.stl"
"UB40-I039","data/reference_models/stl/UB40-T039.stl","generated_outputs_not_included_in_release/open_loop/one-shot/deepseek_per_sample.csv","1","1","0.03619960011937929","0.1281063699804762","True","2.0","0.0","0.6239988911044436","0.07260664247579907","deepseek","Open-loop Workflow","Retained40 open-loop prompt set aligned to retained reference models","One-shot","one_shot","intermediate","intermediate","39","79","UB40-T039","UB40-T039","UB40-T039.stl","A clevis-like block about 127 units long and about 50.8 by 50.8 units in the other two directions. The 127-unit dimension is the long axis, while the cross-section is square so there is no long-versus-short distinction across the 50.8-by-50.8 section. One end forms a rounded lug with a circular through-hole, and a top slot near that end creates two parallel arms.","61","365","data/reference_models/stl/UB40-T039.stl"
"UB40-I040","data/reference_models/stl/UB40-T040.stl","generated_outputs_not_included_in_release/open_loop/one-shot/deepseek_per_sample.csv","1","1","0.13762281683875052","0.3967632009343515","True","0.0","1.0","0.4953769135452007","0.0781716000001364","deepseek","Open-loop Workflow","Retained40 open-loop prompt set aligned to retained reference models","One-shot","one_shot","intermediate","intermediate","40","80","UB40-T040","UB40-T040","UB40-T040.stl","A rigid bracket-like part about 79.9 units long, 50 units high, and 40 units deep. The 79.9-unit span is the long direction, the 50-unit measure is the vertical height, and the 40-unit measure is the depth. It has a rounded end with one circular hole, a straighter opposite end, and a triangular support rib under the upper arm.","58","328","data/reference_models/stl/UB40-T040.stl"
