"sample_id","ground_truth_path","prediction_path","compile_success","load_success","chamfer_distance","hausdorff_distance","watertight_pred","euler_pred","eecm","sphericity_pred","sphericity_discrepancy","rotation_aligned","alignment_chamfer_distance","model","method_context","prompt_set","round_name","round_slug","level","difficulty","position_in_level_file","position_in_prompt_file","target_code","uid","source_stl","prompt","word_count","char_count","reference_model_path"
"UB40-B001","data/reference_models/stl/UB40-T001.stl","generated_outputs_not_included_in_release/open_loop/iteration2/text-to-cadquery_per_sample.csv","1","1","0.28392425741747457","0.6383911764680305","True","0.0","0.0","0.07313248992518644","0.7912216938169784","True","0.28392425741747457","cadquery","Open-loop Workflow","Retained40 open-loop prompt set aligned to retained reference models","Iteration2","iteration2","beginner","beginner","1","1","UB40-T001","UB40-T001","UB40-T001.stl","A frustum-shaped solid about 50 units tall, with flat circular ends and a larger diameter at the top than at the bottom.","22","120","data/reference_models/stl/UB40-T001.stl"
"UB40-B002","data/reference_models/stl/UB40-T002.stl","generated_outputs_not_included_in_release/open_loop/iteration2/text-to-cadquery_per_sample.csv","1","1","0.01284896973270586","0.0594340603614038","True","2.0","1.0","0.17752991167015256","0.0515362959021087","False","0.01284896973270586","cadquery","Open-loop Workflow","Retained40 open-loop prompt set aligned to retained reference models","Iteration2","iteration2","beginner","beginner","2","2","UB40-T002","UB40-T002","UB40-T002.stl","A very thin nearly square plate about 0.56 by 0.51 units in plan and only about 0.0066 units thick.","19","99","data/reference_models/stl/UB40-T002.stl"
"UB40-B003","data/reference_models/stl/UB40-T003.stl","generated_outputs_not_included_in_release/open_loop/iteration2/text-to-cadquery_per_sample.csv","1","1","0.013455815262490177","0.04287948695359204","True","2.0","1.0","0.7948386779825972","0.003486186494787269","True","0.013455815262490177","cadquery","Open-loop Workflow","Retained40 open-loop prompt set aligned to retained reference models","Iteration2","iteration2","beginner","beginner","3","3","UB40-T003","UB40-T003","UB40-T003.stl","A short solid cylinder about 0.56 units in diameter and about 0.23 units high, with flat circular ends.","18","103","data/reference_models/stl/UB40-T003.stl"
"UB40-B004","data/reference_models/stl/UB40-T004.stl","generated_outputs_not_included_in_release/open_loop/iteration2/text-to-cadquery_per_sample.csv","1","1","0.01923436238190852","0.06385310280857738","True","2.0","1.0","0.6151993618716208","0.06434093072364933","False","0.01923436238190852","cadquery","Open-loop Workflow","Retained40 open-loop prompt set aligned to retained reference models","Iteration2","iteration2","beginner","beginner","4","4","UB40-T004","UB40-T004","UB40-T004.stl","A solid rectangular bar about 0.75 units long, 0.375 units wide, and 0.0938 units thick, with one semicircular notch cut into a short side.","24","139","data/reference_models/stl/UB40-T004.stl"
"UB40-B005","data/reference_models/stl/UB40-T005.stl","generated_outputs_not_included_in_release/open_loop/iteration2/text-to-cadquery_per_sample.csv","1","1","0.080114619639167","0.5002235429575911","True","0.0","0.0","0.14693359422358993","0.36514893019157796","False","0.080114619639167","cadquery","Open-loop Workflow","Retained40 open-loop prompt set aligned to retained reference models","Iteration2","iteration2","beginner","beginner","5","5","UB40-T005","UB40-T005","UB40-T005.stl","A thin triangular plate about 0.56 by 0.54 units in plan and about 0.0758 units thick, with three corner holes.","20","111","data/reference_models/stl/UB40-T005.stl"
"UB40-B006","data/reference_models/stl/UB40-T006.stl","generated_outputs_not_included_in_release/open_loop/iteration2/text-to-cadquery_per_sample.csv","1","1","0.07559167736978087","0.2155621031590258","True","0.0","1.0","0.6122732544514284","0.04091419595163248","True","0.07559167736978087","cadquery","Open-loop Workflow","Retained40 open-loop prompt set aligned to retained reference models","Iteration2","iteration2","beginner","beginner","6","6","UB40-T006","UB40-T006","UB40-T006.stl","A rectangular block about 80 by 50 by 30 units overall, with one large circular blind recess opened from the top and offset toward one end.","26","139","data/reference_models/stl/UB40-T006.stl"
"UB40-B007","data/reference_models/stl/UB40-T007.stl","generated_outputs_not_included_in_release/open_loop/iteration2/text-to-cadquery_per_sample.csv","1","1","0.056483525329950754","0.2093808132399677","True","0.0","0.0","0.1964765709229005","0.3462681605835377","True","0.056483525329950754","cadquery","Open-loop Workflow","Retained40 open-loop prompt set aligned to retained reference models","Iteration2","iteration2","beginner","beginner","7","7","UB40-T007","UB40-T007","UB40-T007.stl","A thin tapered plate about 120 units long, 40 units wide, and 18 units thick, with three circular holes aligned along its length.","23","129","data/reference_models/stl/UB40-T007.stl"
"UB40-B008","data/reference_models/stl/UB40-T008.stl","generated_outputs_not_included_in_release/open_loop/iteration2/text-to-cadquery_per_sample.csv","1","1","0.10014556816005314","0.3868867065110171","True","0.0","0.0","0.11733783511573058","0.6069061179462046","False","0.10014556816005314","cadquery","Open-loop Workflow","Retained40 open-loop prompt set aligned to retained reference models","Iteration2","iteration2","beginner","beginner","8","8","UB40-T008","UB40-T008","UB40-T008.stl","A stepped square pedestal about 0.75 by 0.75 units in footprint and about 0.60 units tall, finished with a pyramid on top.","22","122","data/reference_models/stl/UB40-T008.stl"
"UB40-B009","data/reference_models/stl/UB40-T009.stl","generated_outputs_not_included_in_release/open_loop/iteration2/text-to-cadquery_per_sample.csv","1","1","0.10578537067416931","0.39772742531239486","True","0.0","1.0","0.38365009579934467","0.27190960180578455","False","0.10578537067416931","cadquery","Open-loop Workflow","Retained40 open-loop prompt set aligned to retained reference models","Iteration2","iteration2","beginner","beginner","9","9","UB40-T009","UB40-T009","UB40-T009.stl","A thin circular ring with an outer diameter of about 0.56 units and a concentric hole through the middle.","19","105","data/reference_models/stl/UB40-T009.stl"
"UB40-B010","data/reference_models/stl/UB40-T010.stl","generated_outputs_not_included_in_release/open_loop/iteration2/text-to-cadquery_per_sample.csv","1","1","0.09005444880322389","0.3040512141583851","True","2.0","1.0","0.55132740092516","0.20654671634925043","True","0.09005444880322389","cadquery","Open-loop Workflow","Retained40 open-loop prompt set aligned to retained reference models","Iteration2","iteration2","beginner","beginner","10","10","UB40-T010","UB40-T010","UB40-T010.stl","A narrow U-shaped frame about 0.56 by 0.25 by 0.14 units overall, open on one side and ending in two short feet.","22","112","data/reference_models/stl/UB40-T010.stl"
"UB40-B011","data/reference_models/stl/UB40-T011.stl","generated_outputs_not_included_in_release/open_loop/iteration2/text-to-cadquery_per_sample.csv","1","1","0.026653873007083356","0.0279512092162432","True","2.0","1.0","0.14952885660372042","0.33552507621871075","True","0.026653873007083356","cadquery","Open-loop Workflow","Retained40 open-loop prompt set aligned to retained reference models","Iteration2","iteration2","beginner","beginner","11","11","UB40-T011","UB40-T011","UB40-T011.stl","A very slender straight cylindrical pin about 0.75 units long and about 0.043 units in diameter, with flat ends and no head.","22","124","data/reference_models/stl/UB40-T011.stl"
"UB40-B012","data/reference_models/stl/UB40-T012.stl","generated_outputs_not_included_in_release/open_loop/iteration2/text-to-cadquery_per_sample.csv","1","1","0.04354351577760304","0.30743843428781065","True","0.0","0.0","0.1855421304398818","0.14181522949352257","True","0.04354351577760304","cadquery","Open-loop Workflow","Retained40 open-loop prompt set aligned to retained reference models","Iteration2","iteration2","beginner","beginner","12","12","UB40-T012","UB40-T012","UB40-T012.stl","A thin rounded-corner plate about 0.56 by 0.47 units in plan and about 0.0375 units thick, with one large circular pocket near a corner.","24","136","data/reference_models/stl/UB40-T012.stl"
"UB40-B013","data/reference_models/stl/UB40-T013.stl","generated_outputs_not_included_in_release/open_loop/iteration2/text-to-cadquery_per_sample.csv","0","0","","","","","","","","","","cadquery","Open-loop Workflow","Retained40 open-loop prompt set aligned to retained reference models","Iteration2","iteration2","beginner","beginner","13","13","UB40-T013","UB40-T013","UB40-T013.stl","An elongated capsule-shaped prism about 0.56 units long, 0.124 units wide, and 0.101 units thick, with straight sides joined by rounded ends.","22","141","data/reference_models/stl/UB40-T013.stl"
"UB40-B014","data/reference_models/stl/UB40-T014.stl","generated_outputs_not_included_in_release/open_loop/iteration2/text-to-cadquery_per_sample.csv","1","1","0.12241566402638117","0.19640013884705182","True","2.0","1.0","0.08048881976150307","0.6566667398760899","False","0.12241566402638117","cadquery","Open-loop Workflow","Retained40 open-loop prompt set aligned to retained reference models","Iteration2","iteration2","beginner","beginner","14","14","UB40-T014","UB40-T014","UB40-T014.stl","A thin solid prism based on a teardrop outline, fitting within about 0.243 by 0.243 units and about 0.08 units in thickness.","22","124","data/reference_models/stl/UB40-T014.stl"
"UB40-B015","data/reference_models/stl/UB40-T015.stl","generated_outputs_not_included_in_release/open_loop/iteration2/text-to-cadquery_per_sample.csv","1","1","0.22815853527625524","0.4052506248653311","True","0.0","0.0","0.4253426531497112","0.47304993869076617","True","0.22815853527625524","cadquery","Open-loop Workflow","Retained40 open-loop prompt set aligned to retained reference models","Iteration2","iteration2","beginner","beginner","15","15","UB40-T015","UB40-T015","UB40-T015.stl","A short solid cylinder with one plain circular end and one concentric stepped circular end.","15","91","data/reference_models/stl/UB40-T015.stl"
"UB40-B016","data/reference_models/stl/UB40-T016.stl","generated_outputs_not_included_in_release/open_loop/iteration2/text-to-cadquery_per_sample.csv","1","1","0.05622905034969723","0.1330768102996463","True","0.0","0.0","0.1722670390564861","0.2533744127731131","True","0.05622905034969723","cadquery","Open-loop Workflow","Retained40 open-loop prompt set aligned to retained reference models","Iteration2","iteration2","beginner","beginner","16","16","UB40-T016","UB40-T016","UB40-T016.stl","A round flange plate about 25.4 units across and about 6.76 units deep, with one large center hole, six smaller bolt holes around it, and a short cylindrical hub on the back.","32","174","data/reference_models/stl/UB40-T016.stl"
"UB40-B017","data/reference_models/stl/UB40-T017.stl","generated_outputs_not_included_in_release/open_loop/iteration2/text-to-cadquery_per_sample.csv","1","1","0.022963149211096462","0.0367491102559657","True","2.0","0.0","0.1864402649782223","0.19212552429980356","False","0.022963149211096462","cadquery","Open-loop Workflow","Retained40 open-loop prompt set aligned to retained reference models","Iteration2","iteration2","beginner","beginner","17","17","UB40-T017","UB40-T017","UB40-T017.stl","A flat rectangular mounting plate about 250 units long, 150 units wide, and 16 units thick, with one hole near each corner.","22","123","data/reference_models/stl/UB40-T017.stl"
"UB40-B018","data/reference_models/stl/UB40-T018.stl","generated_outputs_not_included_in_release/open_loop/iteration2/text-to-cadquery_per_sample.csv","1","1","0.04565390276843641","0.049233916163661594","True","2.0","0.0","0.0629842213157162","0.4808723004473043","True","0.04565390276843641","cadquery","Open-loop Workflow","Retained40 open-loop prompt set aligned to retained reference models","Iteration2","iteration2","beginner","beginner","18","18","UB40-T018","UB40-T018","UB40-T018.stl","A straight cylindrical rod about 163.8 units long and about 16 units in diameter, with a small transverse hole near one end.","22","124","data/reference_models/stl/UB40-T018.stl"
"UB40-B019","data/reference_models/stl/UB40-T019.stl","generated_outputs_not_included_in_release/open_loop/iteration2/text-to-cadquery_per_sample.csv","1","1","0.2434490358561704","0.7283430250830925","False","1.0","0.0","1.6156999578312363","1.0205304267986142","True","0.2434490358561704","cadquery","Open-loop Workflow","Retained40 open-loop prompt set aligned to retained reference models","Iteration2","iteration2","beginner","beginner","19","19","UB40-T019","UB40-T019","UB40-T019.stl","A plate-like solid about 108 units wide, 76.2 units tall, and 25.4 units thick, with a curved top edge and two upper holes.","23","123","data/reference_models/stl/UB40-T019.stl"
"UB40-B020","data/reference_models/stl/UB40-T020.stl","generated_outputs_not_included_in_release/open_loop/iteration2/text-to-cadquery_per_sample.csv","1","1","0.041923244102039806","0.21477669367399915","True","2.0","1.0","0.616822786734496","0.04742237695913465","True","0.041923244102039806","cadquery","Open-loop Workflow","Retained40 open-loop prompt set aligned to retained reference models","Iteration2","iteration2","beginner","beginner","20","20","UB40-T020","UB40-T020","UB40-T020.stl","A tall rectangular block about 76.2 by 50.8 units in footprint and about 152.4 units high, with a deep U-shaped slot cut into the top.","25","134","data/reference_models/stl/UB40-T020.stl"
"UB40-B021","data/reference_models/stl/UB40-T021.stl","generated_outputs_not_included_in_release/open_loop/iteration2/text-to-cadquery_per_sample.csv","0","0","","","","","","","","","","cadquery","Open-loop Workflow","Retained40 open-loop prompt set aligned to retained reference models","Iteration2","iteration2","beginner","beginner","21","21","UB40-T021","UB40-T021","UB40-T021.stl","A thin-walled bracket-like frame about 120 units long, 40 units high, and 21 units deep, with two end plates, a sloped top, a large open central window, a middle round hole, and small mounting holes.","35","199","data/reference_models/stl/UB40-T021.stl"
"UB40-B022","data/reference_models/stl/UB40-T022.stl","generated_outputs_not_included_in_release/open_loop/iteration2/text-to-cadquery_per_sample.csv","1","1","0.022660659923084747","0.17251507478273168","True","0.0","1.0","0.23557991493374253","0.09949845989442635","True","0.022660659923084747","cadquery","Open-loop Workflow","Retained40 open-loop prompt set aligned to retained reference models","Iteration2","iteration2","beginner","beginner","22","22","UB40-T022","UB40-T022","UB40-T022.stl","A thin three-lobed ring-like plate about 300 by 277 units in plan and about 15 units thick, with a circular hole in the center.","24","127","data/reference_models/stl/UB40-T022.stl"
"UB40-B023","data/reference_models/stl/UB40-T023.stl","generated_outputs_not_included_in_release/open_loop/iteration2/text-to-cadquery_per_sample.csv","1","1","0.04945807980542606","0.25823098268357964","True","0.0","0.0","0.1722881994953741","0.011442831110458712","True","0.04945807980542606","cadquery","Open-loop Workflow","Retained40 open-loop prompt set aligned to retained reference models","Iteration2","iteration2","beginner","beginner","23","23","UB40-T023","UB40-T023","UB40-T023.stl","A thin stepped mounting plate about 108 units long, 53.1 units wide, and 10.7 units thick, with one large central hole, four smaller holes around it, and one extra hole near each end.","33","183","data/reference_models/stl/UB40-T023.stl"
"UB40-B024","data/reference_models/stl/UB40-T024.stl","generated_outputs_not_included_in_release/open_loop/iteration2/text-to-cadquery_per_sample.csv","0","0","","","","","","","","","","cadquery","Open-loop Workflow","Retained40 open-loop prompt set aligned to retained reference models","Iteration2","iteration2","beginner","beginner","24","24","UB40-T024","UB40-T024","UB40-T024.stl","A flat asymmetric plate about 193.8 by 160 units in plan and about 10 units thick, with five round mounting holes and two long parallel slots in the forked end.","30","160","data/reference_models/stl/UB40-T024.stl"
"UB40-B025","data/reference_models/stl/UB40-T025.stl","generated_outputs_not_included_in_release/open_loop/iteration2/text-to-cadquery_per_sample.csv","1","1","0.0922083551608823","0.3449545890997235","True","0.0","0.0","0.12403128782688172","0.04150660643181253","True","0.0922083551608823","cadquery","Open-loop Workflow","Retained40 open-loop prompt set aligned to retained reference models","Iteration2","iteration2","beginner","beginner","25","25","UB40-T025","UB40-T025","UB40-T025.stl","A rounded rectangular hollow box about 230 units long, 130 units wide, and 45 units thick, with one large open side and one closed side.","25","136","data/reference_models/stl/UB40-T025.stl"
"UB40-B026","data/reference_models/stl/UB40-T026.stl","generated_outputs_not_included_in_release/open_loop/iteration2/text-to-cadquery_per_sample.csv","1","1","0.1538873101192869","0.5016137774680042","True","0.0","0.0","0.2078006768773105","0.4337405270458504","True","0.1538873101192869","cadquery","Open-loop Workflow","Retained40 open-loop prompt set aligned to retained reference models","Iteration2","iteration2","beginner","beginner","26","26","UB40-T026","UB40-T026","UB40-T026.stl","A fastener-like part about 12.95 units high, with a broad circular head, a short shaft, and a recessed polygonal socket on top.","22","127","data/reference_models/stl/UB40-T026.stl"
"UB40-B027","data/reference_models/stl/UB40-T027.stl","generated_outputs_not_included_in_release/open_loop/iteration2/text-to-cadquery_per_sample.csv","1","1","0.0921441950163438","0.4335108020486828","True","4.0","0.0","0.26626053842098707","0.06951204337272307","True","0.0921441950163438","cadquery","Open-loop Workflow","Retained40 open-loop prompt set aligned to retained reference models","Iteration2","iteration2","beginner","beginner","27","27","UB40-T027","UB40-T027","UB40-T027.stl","A helical compression spring about 8.63 units in outer diameter and about 8.70 units long.","15","90","data/reference_models/stl/UB40-T027.stl"
"UB40-B028","data/reference_models/stl/UB40-T028.stl","generated_outputs_not_included_in_release/open_loop/iteration2/text-to-cadquery_per_sample.csv","1","1","0.0697209660076389","0.283965334317152","True","2.0","0.0","0.7734887198253474","0.20561220500586042","True","0.0697209660076389","cadquery","Open-loop Workflow","Retained40 open-loop prompt set aligned to retained reference models","Iteration2","iteration2","beginner","beginner","28","28","UB40-T028","UB40-T028","UB40-T028.stl","A hexagonal nut-like solid about 60 units across corners, about 55.9 units across flats, and about 30.6 units thick, with a circular through-hole.","23","146","data/reference_models/stl/UB40-T028.stl"
"UB40-B029","data/reference_models/stl/UB40-T029.stl","generated_outputs_not_included_in_release/open_loop/iteration2/text-to-cadquery_per_sample.csv","1","1","0.09234661306290494","0.2698161522955129","True","0.0","0.0","0.27828151124167333","0.20049232122284655","True","0.09234661306290494","cadquery","Open-loop Workflow","Retained40 open-loop prompt set aligned to retained reference models","Iteration2","iteration2","beginner","beginner","29","29","UB40-T029","UB40-T029","UB40-T029.stl","A circular flange about 228.6 units in diameter and about 79.4 units high overall, with eight evenly spaced outer holes and a broad cylindrical hub on the back.","28","160","data/reference_models/stl/UB40-T029.stl"
"UB40-B030","data/reference_models/stl/UB40-T030.stl","generated_outputs_not_included_in_release/open_loop/iteration2/text-to-cadquery_per_sample.csv","0","0","","","","","","","","","","cadquery","Open-loop Workflow","Retained40 open-loop prompt set aligned to retained reference models","Iteration2","iteration2","beginner","beginner","30","30","UB40-T030","UB40-T030","UB40-T030.stl","A bracket-like plate about 110 by 85 by 55 units overall, with a large cylindrical boss with a center hole, a smaller round hole in the plate, and a deep side opening at one end.","35","178","data/reference_models/stl/UB40-T030.stl"
"UB40-B031","data/reference_models/stl/UB40-T031.stl","generated_outputs_not_included_in_release/open_loop/iteration2/text-to-cadquery_per_sample.csv","1","1","0.057617657066980896","0.20876297192049764","True","2.0","0.0","0.1704905197185369","0.023235332539872533","True","0.057617657066980896","cadquery","Open-loop Workflow","Retained40 open-loop prompt set aligned to retained reference models","Iteration2","iteration2","beginner","beginner","31","31","UB40-T031","UB40-T031","UB40-T031.stl","A long thin L-shaped bracket fitting inside about 381 by 158.75 by 44.45 units, made from one broad panel and one narrow hole-bearing flange running along a long edge.","29","167","data/reference_models/stl/UB40-T031.stl"
"UB40-B032","data/reference_models/stl/UB40-T032.stl","generated_outputs_not_included_in_release/open_loop/iteration2/text-to-cadquery_per_sample.csv","1","1","0.09258269717616878","0.41787218102019197","True","2.0","1.0","0.16228103763870577","0.38160973884316246","True","0.09258269717616878","cadquery","Open-loop Workflow","Retained40 open-loop prompt set aligned to retained reference models","Iteration2","iteration2","beginner","beginner","32","32","UB40-T032","UB40-T032","UB40-T032.stl","A five-pointed star-shaped plate about 138.6 by 123.8 units across, with a short cylindrical boss raised from the center.","19","121","data/reference_models/stl/UB40-T032.stl"
"UB40-B033","data/reference_models/stl/UB40-T033.stl","generated_outputs_not_included_in_release/open_loop/iteration2/text-to-cadquery_per_sample.csv","0","0","","","","","","","","","","cadquery","Open-loop Workflow","Retained40 open-loop prompt set aligned to retained reference models","Iteration2","iteration2","beginner","beginner","33","33","UB40-T033","UB40-T033","UB40-T033.stl","A shallow open tray-like structure about 420 by 260 units in footprint and about 325 units high, with four corner posts.","21","120","data/reference_models/stl/UB40-T033.stl"
"UB40-B034","data/reference_models/stl/UB40-T034.stl","generated_outputs_not_included_in_release/open_loop/iteration2/text-to-cadquery_per_sample.csv","1","1","0.041287075856774755","0.1921514918735935","True","0.0","0.0","0.14954511202645185","0.304362257975788","False","0.041287075856774755","cadquery","Open-loop Workflow","Retained40 open-loop prompt set aligned to retained reference models","Iteration2","iteration2","beginner","beginner","34","34","UB40-T034","UB40-T034","UB40-T034.stl","A thin plate about 170 units long, 120 units wide, and 15 units thick, with two circular holes placed near opposite ends.","22","121","data/reference_models/stl/UB40-T034.stl"
"UB40-B035","data/reference_models/stl/UB40-T035.stl","generated_outputs_not_included_in_release/open_loop/iteration2/text-to-cadquery_per_sample.csv","1","1","0.08012824922417383","0.20057871366082294","True","2.0","1.0","0.44323300065812193","0.17086655674601764","True","0.08012824922417383","cadquery","Open-loop Workflow","Retained40 open-loop prompt set aligned to retained reference models","Iteration2","iteration2","beginner","beginner","35","35","UB40-T035","UB40-T035","UB40-T035.stl","A solid round part about 59.2 units in diameter and about 27.9 units long, made from three coaxial circular discs or rims overlapping around the same center.","27","157","data/reference_models/stl/UB40-T035.stl"
"UB40-B036","data/reference_models/stl/UB40-T036.stl","generated_outputs_not_included_in_release/open_loop/iteration2/text-to-cadquery_per_sample.csv","1","1","0.021106217020736194","0.06035484926379991","True","0.0","1.0","0.3146928072034356","0.12099485865533677","True","0.021106217020736194","cadquery","Open-loop Workflow","Retained40 open-loop prompt set aligned to retained reference models","Iteration2","iteration2","beginner","beginner","36","36","UB40-T036","UB40-T036","UB40-T036.stl","A torus-like ring about 49.05 units in outer diameter with a rounded tube diameter of about 5.08 units.","18","103","data/reference_models/stl/UB40-T036.stl"
"UB40-B037","data/reference_models/stl/UB40-T037.stl","generated_outputs_not_included_in_release/open_loop/iteration2/text-to-cadquery_per_sample.csv","1","1","0.09224248517077546","0.192483849920222","True","2.0","0.0","0.5756454414072351","0.3422043211929873","True","0.09224248517077546","cadquery","Open-loop Workflow","Retained40 open-loop prompt set aligned to retained reference models","Iteration2","iteration2","beginner","beginner","37","37","UB40-T037","UB40-T037","UB40-T037.stl","A bent angle bracket about 70 units long, 35 units high, and 20 units deep, with three larger holes on one flange and two smaller holes on the other.","29","149","data/reference_models/stl/UB40-T037.stl"
"UB40-B038","data/reference_models/stl/UB40-T038.stl","generated_outputs_not_included_in_release/open_loop/iteration2/text-to-cadquery_per_sample.csv","0","0","","","","","","","","","","cadquery","Open-loop Workflow","Retained40 open-loop prompt set aligned to retained reference models","Iteration2","iteration2","beginner","beginner","38","38","UB40-T038","UB40-T038","UB40-T038.stl","A tall upright block about 101.6 units high with a sloped top and one deep rectangular side recess.","18","99","data/reference_models/stl/UB40-T038.stl"
"UB40-B039","data/reference_models/stl/UB40-T039.stl","generated_outputs_not_included_in_release/open_loop/iteration2/text-to-cadquery_per_sample.csv","1","1","0.06389576009895287","0.16992769869050584","True","2.0","0.0","0.6347005856087763","0.08330833698013174","True","0.06389576009895287","cadquery","Open-loop Workflow","Retained40 open-loop prompt set aligned to retained reference models","Iteration2","iteration2","beginner","beginner","39","39","UB40-T039","UB40-T039","UB40-T039.stl","A clevis-like block about 127 units long, with a rounded lug hole at one end and a top slot that forms two parallel arms.","24","121","data/reference_models/stl/UB40-T039.stl"
"UB40-B040","data/reference_models/stl/UB40-T040.stl","generated_outputs_not_included_in_release/open_loop/iteration2/text-to-cadquery_per_sample.csv","0","0","","","","","","","","","","cadquery","Open-loop Workflow","Retained40 open-loop prompt set aligned to retained reference models","Iteration2","iteration2","beginner","beginner","40","40","UB40-T040","UB40-T040","UB40-T040.stl","A rigid bracket-like part about 79.9 units long, 50 units high, and 40 units deep, with one rounded hole end and a triangular support rib below.","26","144","data/reference_models/stl/UB40-T040.stl"
"UB40-E001","data/reference_models/stl/UB40-T001.stl","generated_outputs_not_included_in_release/open_loop/iteration2/text-to-cadquery_per_sample.csv","1","1","0.1395813292068867","0.46948687189752025","True","0.0","0.0","0.3744098965128635","0.4899442872293013","True","0.1395813292068867","cadquery","Open-loop Workflow","Retained40 open-loop prompt set aligned to retained reference models","Iteration2","iteration2","expert","expert","1","1","UB40-T001","UB40-T001","UB40-T001.stl","This solid is a tall frustum-like body that fits within roughly 40 by 40 by 50 units. Its upper and lower boundaries are flat circular faces of slightly different diameter, with the larger face on the top side and a smooth, even taper joining the two. The form is a clean solid of revolution and does not include any perforations, grooves, ribs, shoulders, or attached secondary details.","67","387","data/reference_models/stl/UB40-T001.stl"
"UB40-E002","data/reference_models/stl/UB40-T002.stl","generated_outputs_not_included_in_release/open_loop/iteration2/text-to-cadquery_per_sample.csv","1","1","0.011558475848316936","0.02723203656758573","True","2.0","1.0","0.18149772446487086","0.05550410869682701","False","0.011558475848316936","cadquery","Open-loop Workflow","Retained40 open-loop prompt set aligned to retained reference models","Iteration2","iteration2","expert","expert","2","2","UB40-T002","UB40-T002","UB40-T002.stl","This solid is a wafer-thin square-like plate measuring about 0.5625 units in length, 0.5087 units in width, and only 0.0066 units in thickness. Both broad faces are flat and parallel, the side walls descend straight without taper, and the corners stay crisp rather than rounded. No holes, pockets, chamfers, fillets, or surface additions appear anywhere on the body.","58","366","data/reference_models/stl/UB40-T002.stl"
"UB40-E003","data/reference_models/stl/UB40-T003.stl","generated_outputs_not_included_in_release/open_loop/iteration2/text-to-cadquery_per_sample.csv","1","1","0.0719749864783244","0.25783195655151864","True","2.0","1.0","0.8440865174833772","0.0527340259955672","True","0.0719749864783244","cadquery","Open-loop Workflow","Retained40 open-loop prompt set aligned to retained reference models","Iteration2","iteration2","expert","expert","3","3","UB40-T003","UB40-T003","UB40-T003.stl","This solid is a short cylinder about 0.5625 units in diameter and 0.2262 units high. The two circular end faces are flat and parallel, and the lateral surface keeps a constant radius over the full height rather than narrowing like a frustum. It is a plain rotational body with no central opening, recess, flange, or exterior accessory feature.","58","343","data/reference_models/stl/UB40-T003.stl"
"UB40-E004","data/reference_models/stl/UB40-T004.stl","generated_outputs_not_included_in_release/open_loop/iteration2/text-to-cadquery_per_sample.csv","1","1","0.019325716652227282","0.06538739770135364","True","2.0","1.0","0.6151993582506609","0.06434092710268935","True","0.019325716652227282","cadquery","Open-loop Workflow","Retained40 open-loop prompt set aligned to retained reference models","Iteration2","iteration2","expert","expert","4","4","UB40-T004","UB40-T004","UB40-T004.stl","This solid is a rectangular bar roughly 0.75 units long, 0.375 units wide, and 0.0938 units thick. A centered semicircular notch is removed from one short end and passes through the full thickness, creating a half-round side opening. Apart from that single cut, the block keeps planar orthogonal faces and shows no other holes, steps, or edge modifications.","58","357","data/reference_models/stl/UB40-T004.stl"
"UB40-E005","data/reference_models/stl/UB40-T005.stl","generated_outputs_not_included_in_release/open_loop/iteration2/text-to-cadquery_per_sample.csv","1","1","0.09156070181424256","0.5208346850626269","True","2.0","0.0","0.6884856298218321","0.17640310540666426","True","0.09156070181424256","cadquery","Open-loop Workflow","Retained40 open-loop prompt set aligned to retained reference models","Iteration2","iteration2","expert","expert","5","5","UB40-T005","UB40-T005","UB40-T005.stl","This solid is a thin triangular mounting plate about 0.542 by 0.559 units across and about 0.0758 units thick. The outer triangular perimeter is rounded at the corners rather than sharp, and each of the three corner regions contains one circular through-hole. Outside those three perforations, the plate remains flat, even in thickness, and free of local bosses, recesses, or side cuts.","62","386","data/reference_models/stl/UB40-T005.stl"
"UB40-E006","data/reference_models/stl/UB40-T006.stl","generated_outputs_not_included_in_release/open_loop/iteration2/text-to-cadquery_per_sample.csv","1","1","0.024668529598877716","0.12330119066228541","True","0.0","1.0","0.6170152447613727","0.036172205641688215","True","0.024668529598877716","cadquery","Open-loop Workflow","Retained40 open-loop prompt set aligned to retained reference models","Iteration2","iteration2","expert","expert","6","6","UB40-T006","UB40-T006","UB40-T006.stl","This solid is a rectangular block with overall dimensions close to 80 by 50 by 30 units. Its defining feature is a large circular blind recess opening from the top face, centered across the width but shifted toward one end along the length and stopping short of the bottom. The exterior otherwise remains a plain box with flat faces and no extra bores, slots, or stepped regions.","67","379","data/reference_models/stl/UB40-T006.stl"
"UB40-E007","data/reference_models/stl/UB40-T007.stl","generated_outputs_not_included_in_release/open_loop/iteration2/text-to-cadquery_per_sample.csv","1","1","0.05940604881213225","0.21484165532546123","True","2.0","0.0","0.17715200396354275","0.36559272754289546","True","0.05940604881213225","cadquery","Open-loop Workflow","Retained40 open-loop prompt set aligned to retained reference models","Iteration2","iteration2","expert","expert","7","7","UB40-T007","UB40-T007","UB40-T007.stl","This solid is a thin plate about 120 units long, 40 units wide, and 18 units thick, with a slightly trapezoidal plan outline instead of a strict rectangle. Three circular through-holes run along the long direction in a roughly even sequence from one end toward the other. The thickness stays uniform and the broad faces stay flat, with no added pockets, bosses, or secondary perforations.","65","388","data/reference_models/stl/UB40-T007.stl"
"UB40-E008","data/reference_models/stl/UB40-T008.stl","generated_outputs_not_included_in_release/open_loop/iteration2/text-to-cadquery_per_sample.csv","1","1","0.14444001883557903","0.35445772608172804","True","0.0","0.0","0.4202315731256158","0.3040123799363194","False","0.14444001883557903","cadquery","Open-loop Workflow","Retained40 open-loop prompt set aligned to retained reference models","Iteration2","iteration2","expert","expert","8","8","UB40-T008","UB40-T008","UB40-T008.stl","This solid is a centered three-stage square pedestal within an envelope of about 0.75 by 0.75 by 0.60 units. A wide square base supports a smaller centered square tier, and above that sits a square pyramid whose four sloping triangular faces meet at a single apex. The whole object is symmetric about both plan axes and contains no holes or off-center secondary features.","63","371","data/reference_models/stl/UB40-T008.stl"
"UB40-E009","data/reference_models/stl/UB40-T009.stl","generated_outputs_not_included_in_release/open_loop/iteration2/text-to-cadquery_per_sample.csv","1","1","0.06735936479988884","0.26366860444706813","True","0.0","1.0","0.604669375842349","0.4929288818487889","True","0.06735936479988884","cadquery","Open-loop Workflow","Retained40 open-loop prompt set aligned to retained reference models","Iteration2","iteration2","expert","expert","9","9","UB40-T009","UB40-T009","UB40-T009.stl","This solid is a thin annular ring with an outer diameter of about 0.5625 units and a thickness of about 0.1388 units. A concentric circular opening passes through the middle, leaving a continuous annular band of fairly uniform width around it. The top and bottom faces are flat and parallel, and the ring has no spokes, flats, tabs, or interruptions in its circular form.","64","371","data/reference_models/stl/UB40-T009.stl"
"UB40-E010","data/reference_models/stl/UB40-T010.stl","generated_outputs_not_included_in_release/open_loop/iteration2/text-to-cadquery_per_sample.csv","1","1","0.09506818320739076","0.3155048317230316","False","5.0","0.0","2.3490040676711584e-13","0.3447806845756746","True","0.09506818320739076","cadquery","Open-loop Workflow","Retained40 open-loop prompt set aligned to retained reference models","Iteration2","iteration2","expert","expert","10","10","UB40-T010","UB40-T010","UB40-T010.stl","This solid is a thin U-shaped open frame occupying roughly 0.5625 by 0.2507 by 0.1355 units overall. Material runs around three sides of a rectangular opening while the fourth side remains open, and each lower end extends outward to form a short foot. The frame keeps a uniform prismatic section and includes no circular holes, added tabs, layered steps, or recessed pockets.","62","375","data/reference_models/stl/UB40-T010.stl"
"UB40-E011","data/reference_models/stl/UB40-T011.stl","generated_outputs_not_included_in_release/open_loop/iteration2/text-to-cadquery_per_sample.csv","1","1","0.02654202762829875","0.028171046596631548","True","2.0","1.0","0.1539060954614915","0.33114783736093967","True","0.02654202762829875","cadquery","Open-loop Workflow","Retained40 open-loop prompt set aligned to retained reference models","Iteration2","iteration2","expert","expert","11","11","UB40-T011","UB40-T011","UB40-T011.stl","This solid is a very slender cylindrical pin about 0.75 units long and about 0.043 units in diameter. Its shaft remains constant in diameter from end to end, and both ends terminate in flat circular faces. The geometry is entirely axisymmetric and contains no head, taper, groove, cross-drilled hole, or other attached feature.","53","327","data/reference_models/stl/UB40-T011.stl"
"UB40-E012","data/reference_models/stl/UB40-T012.stl","generated_outputs_not_included_in_release/open_loop/iteration2/text-to-cadquery_per_sample.csv","1","1","0.02719736115800083","0.08373471391329936","False","2.0","1.0","0.4707788505138387","0.14342149058043435","False","0.02719736115800083","cadquery","Open-loop Workflow","Retained40 open-loop prompt set aligned to retained reference models","Iteration2","iteration2","expert","expert","12","12","UB40-T012","UB40-T012","UB40-T012.stl","This solid is a thin square-like plate about 0.5625 by 0.4688 units in plan and about 0.0375 units thick, with rounded outer corners. Near one corner, a large circular blind pocket is recessed from the top face, clearly off-center and not passing through the bottom. The rest of the plate remains flat and simple, with no further holes, slots, pads, or raised geometry.","63","369","data/reference_models/stl/UB40-T012.stl"
"UB40-E013","data/reference_models/stl/UB40-T013.stl","generated_outputs_not_included_in_release/open_loop/iteration2/text-to-cadquery_per_sample.csv","1","1","0.03142386614125847","0.1094804307903998","False","1.0","0.0","0.7370820579855392","0.07702030886366273","False","0.03142386614125847","cadquery","Open-loop Workflow","Retained40 open-loop prompt set aligned to retained reference models","Iteration2","iteration2","expert","expert","13","13","UB40-T013","UB40-T013","UB40-T013.stl","This solid is a capsule-shaped prism about 0.5625 units long, 0.1238 units wide, and 0.1014 units thick. Its plan outline is made from two straight parallel sides joined by equal semicircular ends, producing a pill-like shape that is symmetric along its long axis. The body has constant thickness and contains no perforations, recesses, notches, or protruding subfeatures.","57","372","data/reference_models/stl/UB40-T013.stl"
"UB40-E014","data/reference_models/stl/UB40-T014.stl","generated_outputs_not_included_in_release/open_loop/iteration2/text-to-cadquery_per_sample.csv","0","0","","","","","","","","","","cadquery","Open-loop Workflow","Retained40 open-loop prompt set aligned to retained reference models","Iteration2","iteration2","expert","expert","14","14","UB40-T014","UB40-T014","UB40-T014.stl","This solid is a thin prism with a teardrop-shaped outline, fitting inside roughly 0.2428 by 0.2428 units and measuring about 0.08 units thick. One end is broad and rounded, while the opposite end narrows continuously to a pointed tip. The top and bottom faces remain flat, and no holes, bosses, or side cutouts are added to the simple tapered outline.","60","351","data/reference_models/stl/UB40-T014.stl"
"UB40-E015","data/reference_models/stl/UB40-T015.stl","generated_outputs_not_included_in_release/open_loop/iteration2/text-to-cadquery_per_sample.csv","1","1","0.30230575883070027","0.5382104340968845","False","10.0","0.0","0.06886190976896422","0.8295306820715131","True","0.30230575883070027","cadquery","Open-loop Workflow","Retained40 open-loop prompt set aligned to retained reference models","Iteration2","iteration2","expert","expert","15","15","UB40-T015","UB40-T015","UB40-T015.stl","This solid is a short rotationally symmetric cylinder about 80 units long and about 100 units in diameter. One circular end is plain and flat, while the opposite circular end is a concentric stepped face with an outer annular rim around a slightly inset inner circle. The outer side wall remains cylindrical rather than tapering like a frustum, and no grooves, bores, collars, or non-axisymmetric details interrupt the form.","69","424","data/reference_models/stl/UB40-T015.stl"
"UB40-E016","data/reference_models/stl/UB40-T016.stl","generated_outputs_not_included_in_release/open_loop/iteration2/text-to-cadquery_per_sample.csv","1","1","0.07114360276191253","0.27583840838894347","True","0.0","0.0","0.4646555923700069","0.039014140540407694","True","0.07114360276191253","cadquery","Open-loop Workflow","Retained40 open-loop prompt set aligned to retained reference models","Iteration2","iteration2","expert","expert","16","16","UB40-T016","UB40-T016","UB40-T016.stl","This solid is a compact flange-type component with an outer diameter of about 25.4 units and an overall axial depth of about 6.76 units. A large central through-hole is surrounded by six smaller through-holes placed evenly on a circular bolt pattern, while the rear side carries a short coaxial hub rising from a wider circular shoulder. The geometry stays concentric and radially organized except for the repeated bolt-hole array.","69","431","data/reference_models/stl/UB40-T016.stl"
"UB40-E017","data/reference_models/stl/UB40-T017.stl","generated_outputs_not_included_in_release/open_loop/iteration2/text-to-cadquery_per_sample.csv","1","1","0.0955294062546361","0.2319742291141489","True","-6.0","1.0","0.6823892058907965","0.3038234166127707","False","0.0955294062546361","cadquery","Open-loop Workflow","Retained40 open-loop prompt set aligned to retained reference models","Iteration2","iteration2","expert","expert","17","17","UB40-T017","UB40-T017","UB40-T017.stl","This solid is a flat rectangular mounting plate about 250 units long, 150 units wide, and 16 units thick. One circular through-hole sits near each corner, with all four holes inset from the edges and arranged symmetrically about the plate centerlines. Beyond those corner holes, the plate remains a plain slab with straight edges and no slots, pads, countersinks, or extra surface shaping.","63","389","data/reference_models/stl/UB40-T017.stl"
"UB40-E018","data/reference_models/stl/UB40-T018.stl","generated_outputs_not_included_in_release/open_loop/iteration2/text-to-cadquery_per_sample.csv","1","1","0.04167203911375998","0.04860620227588457","True","0.0","1.0","0.19250380551314428","0.3513527162498762","True","0.04167203911375998","cadquery","Open-loop Workflow","Retained40 open-loop prompt set aligned to retained reference models","Iteration2","iteration2","expert","expert","18","18","UB40-T018","UB40-T018","UB40-T018.stl","This solid is a straight cylindrical rod about 163.8 units long and 16 units in diameter. Near one end, a small circular hole passes transversely through the shaft, perpendicular to the rod axis. The rest of the shaft remains smooth and uniform, ending in flat circular faces and showing no grooves, heads, steps, or additional openings.","56","337","data/reference_models/stl/UB40-T018.stl"
"UB40-E019","data/reference_models/stl/UB40-T019.stl","generated_outputs_not_included_in_release/open_loop/iteration2/text-to-cadquery_per_sample.csv","1","1","0.021473259552179817","0.1330985360691884","True","-2.0","1.0","0.6656429224541935","0.07047339142157139","False","0.021473259552179817","cadquery","Open-loop Workflow","Retained40 open-loop prompt set aligned to retained reference models","Iteration2","iteration2","expert","expert","19","19","UB40-T019","UB40-T019","UB40-T019.stl","This solid is a plate-like body about 107.95 units wide, 76.2 units tall, and 25.4 units thick. The lower half is rectangular, while the upper outline rises into a broad arch with softened upper corners, and two circular through-holes occupy the upper left and upper right regions in mirrored positions. The central material between the two holes remains intact, and no further cutouts or bosses are introduced.","67","411","data/reference_models/stl/UB40-T019.stl"
"UB40-E020","data/reference_models/stl/UB40-T020.stl","generated_outputs_not_included_in_release/open_loop/iteration2/text-to-cadquery_per_sample.csv","1","1","0.17856190801573563","0.485447017454784","True","0.0","0.0","0.09739600175194517","0.47200440802341614","True","0.17856190801573563","cadquery","Open-loop Workflow","Retained40 open-loop prompt set aligned to retained reference models","Iteration2","iteration2","expert","expert","20","20","UB40-T020","UB40-T020","UB40-T020.stl","This solid is a tall rectangular block with an outer envelope of about 76.2 by 50.8 by 152.4 units. A deep U-shaped slot opens downward from the top face and leaves two upper prongs, but the exterior still reads as a single block rather than a forked frame in side view. Apart from that top-entry slot, the side faces stay flat and plain, with no circular holes or additional side recesses.","71","390","data/reference_models/stl/UB40-T020.stl"
"UB40-E021","data/reference_models/stl/UB40-T021.stl","generated_outputs_not_included_in_release/open_loop/iteration2/text-to-cadquery_per_sample.csv","1","1","0.12715574133517352","0.44621954777730916","True","0.0","0.0","0.7585720085736197","0.6405226497629328","True","0.12715574133517352","cadquery","Open-loop Workflow","Retained40 open-loop prompt set aligned to retained reference models","Iteration2","iteration2","expert","expert","21","21","UB40-T021","UB40-T021","UB40-T021.stl","This solid is a thin-walled bracket frame approximately 120 units long, 40 units high, and 21 units deep. Two side walls are tied together by a lower bridge and an upper sloping web, leaving a large open central window. Inside that opening sits a narrower middle panel carrying one large circular opening together with four smaller surrounding holes, and each outer end plate contains one small hole. The result is a light frame-like component with substantial open space, not a closed solid block.","83","498","data/reference_models/stl/UB40-T021.stl"
"UB40-E022","data/reference_models/stl/UB40-T022.stl","generated_outputs_not_included_in_release/open_loop/iteration2/text-to-cadquery_per_sample.csv","1","1","0.02878981212051296","0.23279790449103127","True","2.0","0.0","0.19835877056995457","0.1367196042582143","True","0.02878981212051296","cadquery","Open-loop Workflow","Retained40 open-loop prompt set aligned to retained reference models","Iteration2","iteration2","expert","expert","22","22","UB40-T022","UB40-T022","UB40-T022.stl","This solid is a flat three-lobed washer-like plate about 299.75 by 276.72 units in plan and about 15 units thick. A circular through-hole occupies the center, the outer boundary swells into three rounded lobes, and the spaces between them are shaped by concave inward arcs. The plate remains thin and uniform, with no ribs, bosses, extra holes, or stepped thickness variations.","61","377","data/reference_models/stl/UB40-T022.stl"
"UB40-E023","data/reference_models/stl/UB40-T023.stl","generated_outputs_not_included_in_release/open_loop/iteration2/text-to-cadquery_per_sample.csv","0","0","","","","","","","","","","cadquery","Open-loop Workflow","Retained40 open-loop prompt set aligned to retained reference models","Iteration2","iteration2","expert","expert","23","23","UB40-T023","UB40-T023","UB40-T023.stl","This solid is an elongated mounting plate about 108 units long, 53.1 units wide, and 10.7 units thick. It has one large central circular through-hole, four smaller holes around that center region, and one additional mounting hole near each end. The side outline is slightly stepped rather than purely rectangular, but the body remains a thin plate with no pockets, protrusions, or slot features.","64","395","data/reference_models/stl/UB40-T023.stl"
"UB40-E024","data/reference_models/stl/UB40-T024.stl","generated_outputs_not_included_in_release/open_loop/iteration2/text-to-cadquery_per_sample.csv","0","0","","","","","","","","","","cadquery","Open-loop Workflow","Retained40 open-loop prompt set aligned to retained reference models","Iteration2","iteration2","expert","expert","24","24","UB40-T024","UB40-T024","UB40-T024.stl","This solid is a thin asymmetric plate about 193.76 by 160 units in plan and 10 units thick. Its outline includes a slanted side, a narrowed middle, and a forked extension at one end; the broad body carries five circular mounting holes, while the fork contains two long parallel rounded-end slots separated by a solid web. The thickness remains uniform and there are no raised levels or enclosed pockets.","69","403","data/reference_models/stl/UB40-T024.stl"
"UB40-E025","data/reference_models/stl/UB40-T025.stl","generated_outputs_not_included_in_release/open_loop/iteration2/text-to-cadquery_per_sample.csv","1","1","0.053465926900255714","0.2451650278347131","True","2.0","1.0","0.6653350197457343","0.49979712548704003","True","0.053465926900255714","cadquery","Open-loop Workflow","Retained40 open-loop prompt set aligned to retained reference models","Iteration2","iteration2","expert","expert","25","25","UB40-T025","UB40-T025","UB40-T025.stl","This solid is a thin-walled rectangular box-like shell about 230 units long, 130 units wide, and 45 units thick. In plan it reads as a rounded rectangle, and the exterior vertical edges are smoothly blended rather than sharp. One large face opens into a hollow cavity, while the opposite large face remains closed, so the form is not a solid block. Aside from that open-sided cavity, the exterior remains clean, with no holes, steps, slots, or local protrusions.","78","462","data/reference_models/stl/UB40-T025.stl"
"UB40-E026","data/reference_models/stl/UB40-T026.stl","generated_outputs_not_included_in_release/open_loop/iteration2/text-to-cadquery_per_sample.csv","1","1","0.12449794613947589","0.4079349551198957","False","0.0","0.0","1.1657097509589657e-11","0.6415412039115038","True","0.12449794613947589","cadquery","Open-loop Workflow","Retained40 open-loop prompt set aligned to retained reference models","Iteration2","iteration2","expert","expert","26","26","UB40-T026","UB40-T026","UB40-T026.stl","This solid is a fastener-like part approximately 12.95 units high, made from a broad circular head about 10.5 units across and a short cylindrical shank below. The top face of the head contains a centered polygonal socket-like recess that stays fully inside the head diameter. Outside that recess, the shape remains smooth and mostly rotational, with no side holes or added attachments.","62","386","data/reference_models/stl/UB40-T026.stl"
"UB40-E027","data/reference_models/stl/UB40-T027.stl","generated_outputs_not_included_in_release/open_loop/iteration2/text-to-cadquery_per_sample.csv","1","1","0.19273773003915196","0.5987985118552084","True","2.0","1.0","0.12473279410038161","0.07201570094788239","True","0.19273773003915196","cadquery","Open-loop Workflow","Retained40 open-loop prompt set aligned to retained reference models","Iteration2","iteration2","expert","expert","27","27","UB40-T027","UB40-T027","UB40-T027.stl","This solid is a helical compression spring with an outer diameter of about 8.63 units and a free length of about 8.70 units. It is formed from round wire wound into multiple evenly spaced turns around a central cylindrical void, giving a regular open helix. No hooks, flattened end turns, end plates, or attached hardware are part of the geometry.","60","347","data/reference_models/stl/UB40-T027.stl"
"UB40-E028","data/reference_models/stl/UB40-T028.stl","generated_outputs_not_included_in_release/open_loop/iteration2/text-to-cadquery_per_sample.csv","0","0","","","","","","","","","","cadquery","Open-loop Workflow","Retained40 open-loop prompt set aligned to retained reference models","Iteration2","iteration2","expert","expert","28","28","UB40-T028","UB40-T028","UB40-T028.stl","This solid is a regular hexagonal nut-like body about 59.96 units across corners, about 55.87 units across flats, and about 30.63 units thick. A centered circular through-hole runs along the main axis, leaving a continuous wall between the hole and the six planar outer faces. The top and bottom remain flat and parallel, and no flange, side slot, or decorative detail is added.","63","378","data/reference_models/stl/UB40-T028.stl"
"UB40-E029","data/reference_models/stl/UB40-T029.stl","generated_outputs_not_included_in_release/open_loop/iteration2/text-to-cadquery_per_sample.csv","1","1","0.07271030351089773","0.2944375437421553","True","0.0","0.0","0.5020485587965942","0.02327472633207428","True","0.07271030351089773","cadquery","Open-loop Workflow","Retained40 open-loop prompt set aligned to retained reference models","Iteration2","iteration2","expert","expert","29","29","UB40-T029","UB40-T029","UB40-T029.stl","This solid is a flange-like body with an outer diameter of about 228.6 units and a total axial height of about 79.38 units. Eight evenly spaced circular bolt holes sit near the perimeter of the flange plate, while a broad cylindrical hub projects from the rear center. The geometry stays centered on one axis, with the bolt-hole ring providing the main repeated non-axisymmetric detail.","64","386","data/reference_models/stl/UB40-T029.stl"
"UB40-E030","data/reference_models/stl/UB40-T030.stl","generated_outputs_not_included_in_release/open_loop/iteration2/text-to-cadquery_per_sample.csv","1","1","0.07538552660047221","0.30960914471601686","False","0.0","1.0","0.41420445207104506","0.08430064506921048","True","0.07538552660047221","cadquery","Open-loop Workflow","Retained40 open-loop prompt set aligned to retained reference models","Iteration2","iteration2","expert","expert","30","30","UB40-T030","UB40-T030","UB40-T030.stl","This solid is a bracket-like plate-like body within an envelope of about 110 by 85 by 55 units. One side carries a large cylindrical boss with a centered through-hole, an adjacent plate region contains one smaller circular hole, and the opposite end is cut by a deep side opening that leaves separated upper and lower projections with an open gap. The part therefore combines a bossed perforated region, a secondary hole, and a clearly open end geometry.","77","454","data/reference_models/stl/UB40-T030.stl"
"UB40-E031","data/reference_models/stl/UB40-T031.stl","generated_outputs_not_included_in_release/open_loop/iteration2/text-to-cadquery_per_sample.csv","1","1","0.06810524334435435","0.3445665135124148","True","2.0","0.0","0.3511522404625259","0.15742638820411647","True","0.06810524334435435","cadquery","Open-loop Workflow","Retained40 open-loop prompt set aligned to retained reference models","Iteration2","iteration2","expert","expert","31","31","UB40-T031","UB40-T031","UB40-T031.stl","This solid is a right-angle bracket occupying roughly 381 by 158.75 by 44.45 units overall. A large rectangular panel forms the main wall, and along one side it meets a narrower perpendicular flange containing four circular through-holes arranged in a single vertical row. The body remains sheet-like and of nearly uniform thickness, without extra cutouts, ribs, or embossed features.","59","384","data/reference_models/stl/UB40-T031.stl"
"UB40-E032","data/reference_models/stl/UB40-T032.stl","generated_outputs_not_included_in_release/open_loop/iteration2/text-to-cadquery_per_sample.csv","0","0","","","","","","","","","","cadquery","Open-loop Workflow","Retained40 open-loop prompt set aligned to retained reference models","Iteration2","iteration2","expert","expert","32","32","UB40-T032","UB40-T032","UB40-T032.stl","This solid is a plate-like body with a regular five-pointed star outline spanning about 138.56 by 123.81 units. A short circular boss rises from the center of the top face, increasing the height locally while the star-shaped base stays much thinner. No holes, recesses, or extra edge features interrupt the clean star perimeter and centered boss arrangement.","57","358","data/reference_models/stl/UB40-T032.stl"
"UB40-E033","data/reference_models/stl/UB40-T033.stl","generated_outputs_not_included_in_release/open_loop/iteration2/text-to-cadquery_per_sample.csv","1","1","0.2630411947602932","0.4603631700851134","True","2.0","0.0","0.569117195561122","0.269818203072131","False","0.2630411947602932","cadquery","Open-loop Workflow","Retained40 open-loop prompt set aligned to retained reference models","Iteration2","iteration2","expert","expert","33","33","UB40-T033","UB40-T033","UB40-T033.stl","This solid is a shallow tray-like support structure with a base footprint of about 420 by 260 units and a total height of about 325 units. A flat rectangular base carries one slender upright post at each corner, while the spaces between the posts stay open instead of being closed by side walls. No internal partitions, covers, perforations, or extra framing tiers are introduced beyond the base and four uprights.","70","414","data/reference_models/stl/UB40-T033.stl"
"UB40-E034","data/reference_models/stl/UB40-T034.stl","generated_outputs_not_included_in_release/open_loop/iteration2/text-to-cadquery_per_sample.csv","0","0","","","","","","","","","","cadquery","Open-loop Workflow","Retained40 open-loop prompt set aligned to retained reference models","Iteration2","iteration2","expert","expert","34","34","UB40-T034","UB40-T034","UB40-T034.stl","This solid is a thin plate about 170 units long, 120 units wide, and 15 units thick, with a softened octagonal or rounded-rectangular outline. Two circular through-holes sit near opposite ends along the long axis and are aligned with one another, leaving a broad uninterrupted central region. The perimeter remains smooth and continuous, with no slots, teeth, or added edge features.","61","383","data/reference_models/stl/UB40-T034.stl"
"UB40-E035","data/reference_models/stl/UB40-T035.stl","generated_outputs_not_included_in_release/open_loop/iteration2/text-to-cadquery_per_sample.csv","1","1","0.11181151459522853","0.2194951906154399","True","2.0","1.0","0.8629488550293729","0.24884929762523333","True","0.11181151459522853","cadquery","Open-loop Workflow","Retained40 open-loop prompt set aligned to retained reference models","Iteration2","iteration2","expert","expert","35","35","UB40-T035","UB40-T035","UB40-T035.stl","This solid is a compact rotationally symmetric round component with an outer diameter of about 59.21 units and an axial length of about 27.94 units. Three coaxial circular discs or rim-like flanges overlap around a shared solid center, creating a layered spool-like silhouette rather than one continuous taper. The center stays solid, and there are no spokes, cross-holes, or non-circular interruptions.","61","403","data/reference_models/stl/UB40-T035.stl"
"UB40-E036","data/reference_models/stl/UB40-T036.stl","generated_outputs_not_included_in_release/open_loop/iteration2/text-to-cadquery_per_sample.csv","1","1","0.017370495709249634","0.045298507726730115","True","0.0","1.0","0.3418792836143931","0.09380838224437926","True","0.017370495709249634","cadquery","Open-loop Workflow","Retained40 open-loop prompt set aligned to retained reference models","Iteration2","iteration2","expert","expert","36","36","UB40-T036","UB40-T036","UB40-T036.stl","This solid is a torus with an outer diameter of about 49.05 units and a tube diameter of about 5.08 units. It forms a continuous closed ring whose centerline is circular and whose tube cross-section remains rounded all the way around. No flats, seams, tabs, cuts, or local protrusions disturb the pure toroidal shape.","54","317","data/reference_models/stl/UB40-T036.stl"
"UB40-E037","data/reference_models/stl/UB40-T037.stl","generated_outputs_not_included_in_release/open_loop/iteration2/text-to-cadquery_per_sample.csv","0","0","","","","","","","","","","cadquery","Open-loop Workflow","Retained40 open-loop prompt set aligned to retained reference models","Iteration2","iteration2","expert","expert","37","37","UB40-T037","UB40-T037","UB40-T037.stl","This solid is a ninety-degree angle bracket about 70 units long, 35 units high, and 20 units deep. The horizontal flange contains three larger circular through-holes in a row, while the vertical flange carries two smaller mounting holes. Both legs keep a uniform thickness, and the bracket remains a simple bent form without ribs, slots, or extra reinforcement features.","59","370","data/reference_models/stl/UB40-T037.stl"
"UB40-E038","data/reference_models/stl/UB40-T038.stl","generated_outputs_not_included_in_release/open_loop/iteration2/text-to-cadquery_per_sample.csv","0","0","","","","","","","","","","cadquery","Open-loop Workflow","Retained40 open-loop prompt set aligned to retained reference models","Iteration2","iteration2","expert","expert","38","38","UB40-T038","UB40-T038","UB40-T038.stl","This solid is an upright block about 50.8 by 50.8 by 101.6 units overall. Its top edge is sloped rather than level, and one side contains a deep rectangular recess that removes enough material to create an L-shaped side profile. Outside that large recess, the exterior stays plain, with no round holes, bosses, or separate attachments.","56","335","data/reference_models/stl/UB40-T038.stl"
"UB40-E039","data/reference_models/stl/UB40-T039.stl","generated_outputs_not_included_in_release/open_loop/iteration2/text-to-cadquery_per_sample.csv","1","1","0.06490483703500714","0.17721033683562307","True","2.0","0.0","0.6544906583657133","0.10309840973706874","True","0.06490483703500714","cadquery","Open-loop Workflow","Retained40 open-loop prompt set aligned to retained reference models","Iteration2","iteration2","expert","expert","39","39","UB40-T039","UB40-T039","UB40-T039.stl","This solid is a clevis-like block about 127 units long and about 50.8 by 50.8 units in the other two directions. One end becomes a rounded lug with a circular through-hole, and a top slot in that same end splits the material into two parallel arms. The opposite end remains a more solid rectangular mass without additional holes or local cut features.","62","351","data/reference_models/stl/UB40-T039.stl"
"UB40-E040","data/reference_models/stl/UB40-T040.stl","generated_outputs_not_included_in_release/open_loop/iteration2/text-to-cadquery_per_sample.csv","0","0","","","","","","","","","","cadquery","Open-loop Workflow","Retained40 open-loop prompt set aligned to retained reference models","Iteration2","iteration2","expert","expert","40","40","UB40-T040","UB40-T040","UB40-T040.stl","This solid is a bracket-like body about 79.86 units long, 50 units high, and 40 units deep. One end is rounded and pierced by a circular through-hole, the opposite end thickens into a terminal block, and a triangular rib braces the upper arm from below. The angled void beneath the arm stays openly visible rather than being filled in, and no extra perforations or decorative details are added.","68","394","data/reference_models/stl/UB40-T040.stl"
"UB40-I001","data/reference_models/stl/UB40-T001.stl","generated_outputs_not_included_in_release/open_loop/iteration2/text-to-cadquery_per_sample.csv","1","1","0.15015126101333107","0.5798122767166858","True","0.0","0.0","0.20427431321682313","0.6600798705253417","True","0.15015126101333107","cadquery","Open-loop Workflow","Retained40 open-loop prompt set aligned to retained reference models","Iteration2","iteration2","intermediate","intermediate","1","1","UB40-T001","UB40-T001","UB40-T001.stl","This object is a vertical frustum enclosed by roughly 40 by 40 by 50 units. It has two flat circular ends of slightly different diameter, with the larger one on top, and a smooth continuous taper between them. The form remains clean and axisymmetric, without openings or secondary surface features.","50","298","data/reference_models/stl/UB40-T001.stl"
"UB40-I002","data/reference_models/stl/UB40-T002.stl","generated_outputs_not_included_in_release/open_loop/iteration2/text-to-cadquery_per_sample.csv","1","1","0.010922757593768241","0.05973173070632377","True","2.0","1.0","0.1223634625451479","0.0036301532228959488","False","0.010922757593768241","cadquery","Open-loop Workflow","Retained40 open-loop prompt set aligned to retained reference models","Iteration2","iteration2","intermediate","intermediate","2","2","UB40-T002","UB40-T002","UB40-T002.stl","This object is a very thin square-like plate about 0.56 by 0.51 units in plan and only about 0.0066 units thick. Its top and bottom faces are flat and parallel, the outer edges stay straight and sharp, and the body contains no cutouts or recesses.","45","247","data/reference_models/stl/UB40-T002.stl"
"UB40-I003","data/reference_models/stl/UB40-T003.stl","generated_outputs_not_included_in_release/open_loop/iteration2/text-to-cadquery_per_sample.csv","1","1","0.23981849872797817","0.5338736047946819","True","2.0","1.0","0.2119921709487305","0.5793603205390795","True","0.23981849872797817","cadquery","Open-loop Workflow","Retained40 open-loop prompt set aligned to retained reference models","Iteration2","iteration2","intermediate","intermediate","3","3","UB40-T003","UB40-T003","UB40-T003.stl","This object is a short solid cylinder about 0.56 units in diameter and about 0.23 units high. Both circular ends are flat, the side wall keeps a constant radius, and no taper, bore, or side feature is present.","38","209","data/reference_models/stl/UB40-T003.stl"
"UB40-I004","data/reference_models/stl/UB40-T004.stl","generated_outputs_not_included_in_release/open_loop/iteration2/text-to-cadquery_per_sample.csv","1","1","0.039088082785943036","0.29597674978696453","True","2.0","1.0","0.5568355355941319","0.005977104446160397","True","0.039088082785943036","cadquery","Open-loop Workflow","Retained40 open-loop prompt set aligned to retained reference models","Iteration2","iteration2","intermediate","intermediate","4","4","UB40-T004","UB40-T004","UB40-T004.stl","This object is a rectangular prism roughly 0.75 units long, 0.375 units wide, and 0.0938 units thick. A centered semicircular notch is removed from one short side and passes through the full thickness, while the remaining faces stay flat and simple.","41","249","data/reference_models/stl/UB40-T004.stl"
"UB40-I005","data/reference_models/stl/UB40-T005.stl","generated_outputs_not_included_in_release/open_loop/iteration2/text-to-cadquery_per_sample.csv","1","1","0.07565976653339207","0.5995192057177243","False","-1.0","0.0","0.2095564695895675","0.30252605482560035","False","0.07565976653339207","cadquery","Open-loop Workflow","Retained40 open-loop prompt set aligned to retained reference models","Iteration2","iteration2","intermediate","intermediate","5","5","UB40-T005","UB40-T005","UB40-T005.stl","This object is a thin triangular mounting plate about 0.542 by 0.559 units across and about 0.0758 units thick. The three outer corners are rounded, and each corner region contains one circular through-hole, leaving the rest of the plate flat and plain.","42","253","data/reference_models/stl/UB40-T005.stl"
"UB40-I006","data/reference_models/stl/UB40-T006.stl","generated_outputs_not_included_in_release/open_loop/iteration2/text-to-cadquery_per_sample.csv","1","1","0.07752262455691261","0.21203450877506366","True","2.0","0.0","0.677349985650887","0.024162535247826078","True","0.07752262455691261","cadquery","Open-loop Workflow","Retained40 open-loop prompt set aligned to retained reference models","Iteration2","iteration2","intermediate","intermediate","6","6","UB40-T006","UB40-T006","UB40-T006.stl","This object is a rectangular block about 80 by 50 by 30 units overall. A large circular blind pocket opens from the top face, sits near the middle of that face, and stops short of the bottom face.","38","196","data/reference_models/stl/UB40-T006.stl"
"UB40-I007","data/reference_models/stl/UB40-T007.stl","generated_outputs_not_included_in_release/open_loop/iteration2/text-to-cadquery_per_sample.csv","1","1","0.058295573684909785","0.2038046061867424","True","2.0","0.0","0.1556585804027015","0.3870861511037367","True","0.058295573684909785","cadquery","Open-loop Workflow","Retained40 open-loop prompt set aligned to retained reference models","Iteration2","iteration2","intermediate","intermediate","7","7","UB40-T007","UB40-T007","UB40-T007.stl","This object is a thin plate about 120 units long, 40 units wide, and 18 units thick, with a mildly trapezoidal outline. Three circular through-holes are arranged along the long direction, and the plate remains otherwise featureless.","37","232","data/reference_models/stl/UB40-T007.stl"
"UB40-I008","data/reference_models/stl/UB40-T008.stl","generated_outputs_not_included_in_release/open_loop/iteration2/text-to-cadquery_per_sample.csv","1","1","0.15825458396234698","0.39605752829448476","True","2.0","1.0","0.13284629408524803","0.5913976589766872","False","0.15825458396234698","cadquery","Open-loop Workflow","Retained40 open-loop prompt set aligned to retained reference models","Iteration2","iteration2","intermediate","intermediate","8","8","UB40-T008","UB40-T008","UB40-T008.stl","This object is a centered square pedestal about 0.75 by 0.75 units in footprint and about 0.60 units tall. It is organized as a broad square base, a smaller centered square tier, and a square pyramid at the top.","39","211","data/reference_models/stl/UB40-T008.stl"
"UB40-I009","data/reference_models/stl/UB40-T009.stl","generated_outputs_not_included_in_release/open_loop/iteration2/text-to-cadquery_per_sample.csv","1","1","0.029370129752029593","0.09604240546379691","True","0.0","1.0","0.3745037550694732","0.2627632610759131","True","0.029370129752029593","cadquery","Open-loop Workflow","Retained40 open-loop prompt set aligned to retained reference models","Iteration2","iteration2","intermediate","intermediate","9","9","UB40-T009","UB40-T009","UB40-T009.stl","This object is a thin annular ring with an outer diameter of about 0.5625 units and a thickness of about 0.1388 units. A concentric circular opening removes the center, leaving a continuous ring of uniform material around it.","38","225","data/reference_models/stl/UB40-T009.stl"
"UB40-I010","data/reference_models/stl/UB40-T010.stl","generated_outputs_not_included_in_release/open_loop/iteration2/text-to-cadquery_per_sample.csv","0","0","","","","","","","","","","cadquery","Open-loop Workflow","Retained40 open-loop prompt set aligned to retained reference models","Iteration2","iteration2","intermediate","intermediate","10","10","UB40-T010","UB40-T010","UB40-T010.stl","This object is a narrow U-shaped frame occupying about 0.56 by 0.25 by 0.14 units overall. It surrounds three sides of a rectangular opening, remains open on the fourth side, and ends in two short feet at the bottom.","39","216","data/reference_models/stl/UB40-T010.stl"
"UB40-I011","data/reference_models/stl/UB40-T011.stl","generated_outputs_not_included_in_release/open_loop/iteration2/text-to-cadquery_per_sample.csv","1","1","0.026536992147715006","0.02836871463093903","True","2.0","1.0","0.15390564516352417","0.331148287658907","True","0.026536992147715006","cadquery","Open-loop Workflow","Retained40 open-loop prompt set aligned to retained reference models","Iteration2","iteration2","intermediate","intermediate","11","11","UB40-T011","UB40-T011","UB40-T011.stl","This object is a very slender cylindrical pin about 0.75 units long and about 0.043 units in diameter. The shaft is straight and uniform, both ends are flat, and no head, taper, or cross-hole is added.","36","201","data/reference_models/stl/UB40-T011.stl"
"UB40-I012","data/reference_models/stl/UB40-T012.stl","generated_outputs_not_included_in_release/open_loop/iteration2/text-to-cadquery_per_sample.csv","1","1","0.027570630327582703","0.08407610619447685","True","2.0","1.0","0.4917405497899092","0.16438318985650485","False","0.027570630327582703","cadquery","Open-loop Workflow","Retained40 open-loop prompt set aligned to retained reference models","Iteration2","iteration2","intermediate","intermediate","12","12","UB40-T012","UB40-T012","UB40-T012.stl","This object is a thin plate about 0.5625 by 0.4688 units in plan and about 0.0375 units thick, with rounded corners. A large circular blind pocket is recessed near one corner of the top face without breaking through the bottom.","40","227","data/reference_models/stl/UB40-T012.stl"
"UB40-I013","data/reference_models/stl/UB40-T013.stl","generated_outputs_not_included_in_release/open_loop/iteration2/text-to-cadquery_per_sample.csv","1","1","0.030397984851493722","0.1099901606166604","False","1.0","0.0","0.7391018521694426","0.07904010304756615","False","0.030397984851493722","cadquery","Open-loop Workflow","Retained40 open-loop prompt set aligned to retained reference models","Iteration2","iteration2","intermediate","intermediate","13","13","UB40-T013","UB40-T013","UB40-T013.stl","This object is an elongated capsule-shaped prism about 0.5625 units long, 0.1238 units wide, and 0.1014 units thick. Its outline combines two straight long sides with semicircular ends, and the solid has no holes or recesses.","36","225","data/reference_models/stl/UB40-T013.stl"
"UB40-I014","data/reference_models/stl/UB40-T014.stl","generated_outputs_not_included_in_release/open_loop/iteration2/text-to-cadquery_per_sample.csv","0","0","","","","","","","","","","cadquery","Open-loop Workflow","Retained40 open-loop prompt set aligned to retained reference models","Iteration2","iteration2","intermediate","intermediate","14","14","UB40-T014","UB40-T014","UB40-T014.stl","This object is a thin prism based on a teardrop outline, fitting within about 0.243 by 0.243 units and about 0.08 units in thickness. One end is rounded, the other narrows to a pointed tip, and the body remains plain.","40","217","data/reference_models/stl/UB40-T014.stl"
"UB40-I015","data/reference_models/stl/UB40-T015.stl","generated_outputs_not_included_in_release/open_loop/iteration2/text-to-cadquery_per_sample.csv","1","1","0.15242473450466204","0.5870317671550263","True","0.0","0.0","0.20427431321682316","0.6941182786236542","True","0.15242473450466204","cadquery","Open-loop Workflow","Retained40 open-loop prompt set aligned to retained reference models","Iteration2","iteration2","intermediate","intermediate","15","15","UB40-T015","UB40-T015","UB40-T015.stl","This object is a short rotationally symmetric cylinder about 80 units long and about 100 units in diameter. One circular end is plain and flat, while the opposite circular end has a concentric stepped face with an outer annular rim around a slightly inset inner circle.","46","269","data/reference_models/stl/UB40-T015.stl"
"UB40-I016","data/reference_models/stl/UB40-T016.stl","generated_outputs_not_included_in_release/open_loop/iteration2/text-to-cadquery_per_sample.csv","1","1","0.062187110641351004","0.1863504733132013","True","0.0","0.0","0.15399287659375366","0.27164857523584557","True","0.062187110641351004","cadquery","Open-loop Workflow","Retained40 open-loop prompt set aligned to retained reference models","Iteration2","iteration2","intermediate","intermediate","16","16","UB40-T016","UB40-T016","UB40-T016.stl","This object is a compact flange-like part about 25.4 units in outer diameter and about 6.76 units deep. It combines one large central through-hole, six evenly spaced smaller holes on a bolt circle, and a short coaxial hub on the back.","41","234","data/reference_models/stl/UB40-T016.stl"
"UB40-I017","data/reference_models/stl/UB40-T017.stl","generated_outputs_not_included_in_release/open_loop/iteration2/text-to-cadquery_per_sample.csv","1","1","0.034041899737056916","0.2003453618934778","True","0.0","0.0","0.17233355791075666","0.2062322313672692","True","0.034041899737056916","cadquery","Open-loop Workflow","Retained40 open-loop prompt set aligned to retained reference models","Iteration2","iteration2","intermediate","intermediate","17","17","UB40-T017","UB40-T017","UB40-T017.stl","This object is a flat rectangular mounting plate about 250 units long, 150 units wide, and 16 units thick. One circular hole sits near each corner, and the plate stays otherwise plain with straight edges and flat faces.","38","219","data/reference_models/stl/UB40-T017.stl"
"UB40-I018","data/reference_models/stl/UB40-T018.stl","generated_outputs_not_included_in_release/open_loop/iteration2/text-to-cadquery_per_sample.csv","1","1","0.045287216558780916","0.049518723829031615","True","2.0","0.0","0.06298179090094008","0.4808747308620804","True","0.045287216558780916","cadquery","Open-loop Workflow","Retained40 open-loop prompt set aligned to retained reference models","Iteration2","iteration2","intermediate","intermediate","18","18","UB40-T018","UB40-T018","UB40-T018.stl","This object is a straight cylindrical rod about 163.8 units long and about 16 units in diameter. A small transverse hole passes through the shaft near one end, while the rest of the rod remains smooth and constant in section.","40","225","data/reference_models/stl/UB40-T018.stl"
"UB40-I019","data/reference_models/stl/UB40-T019.stl","generated_outputs_not_included_in_release/open_loop/iteration2/text-to-cadquery_per_sample.csv","1","1","0.07651526080729454","0.16017497646526288","True","2.0","0.0","0.1623242427323498","0.43284528830027236","True","0.07651526080729454","cadquery","Open-loop Workflow","Retained40 open-loop prompt set aligned to retained reference models","Iteration2","iteration2","intermediate","intermediate","19","19","UB40-T019","UB40-T019","UB40-T019.stl","This object is a plate-like body about 107.95 units wide, 76.2 units tall, and 25.4 units thick. It has a rectangular lower portion, a broad arched top edge, and two circular through-holes placed near the upper left and upper right sides.","41","238","data/reference_models/stl/UB40-T019.stl"
"UB40-I020","data/reference_models/stl/UB40-T020.stl","generated_outputs_not_included_in_release/open_loop/iteration2/text-to-cadquery_per_sample.csv","1","1","0.03969789544904718","0.19166793010287472","True","2.0","1.0","0.7478291308665534","0.17842872109119212","True","0.03969789544904718","cadquery","Open-loop Workflow","Retained40 open-loop prompt set aligned to retained reference models","Iteration2","iteration2","intermediate","intermediate","20","20","UB40-T020","UB40-T020","UB40-T020.stl","This object is a tall rectangular block about 76.2 by 50.8 units in footprint and about 152.4 units high. A deep U-shaped slot is cut into the top, leaving two upper prongs while the outer side faces remain plain and uninterrupted.","41","231","data/reference_models/stl/UB40-T020.stl"
"UB40-I021","data/reference_models/stl/UB40-T021.stl","generated_outputs_not_included_in_release/open_loop/iteration2/text-to-cadquery_per_sample.csv","0","0","","","","","","","","","","cadquery","Open-loop Workflow","Retained40 open-loop prompt set aligned to retained reference models","Iteration2","iteration2","intermediate","intermediate","21","21","UB40-T021","UB40-T021","UB40-T021.stl","This object is a thin-walled bracket frame about 120 units long, 40 units high, and 21 units deep. It contains a large open central window, a middle panel with one large circular opening and four smaller holes, a sloped upper connection between the side walls, and one small hole in each end plate.","53","298","data/reference_models/stl/UB40-T021.stl"
"UB40-I022","data/reference_models/stl/UB40-T022.stl","generated_outputs_not_included_in_release/open_loop/iteration2/text-to-cadquery_per_sample.csv","1","1","0.07855530013856976","0.2587604505262462","True","0.0","1.0","0.20579487270004715","0.12928350212812173","True","0.07855530013856976","cadquery","Open-loop Workflow","Retained40 open-loop prompt set aligned to retained reference models","Iteration2","iteration2","intermediate","intermediate","22","22","UB40-T022","UB40-T022","UB40-T022.stl","This object is a thin three-lobed ring-like plate about 299.75 by 276.72 units in plan and about 15 units thick. A circular hole sits at the center, while the outer boundary expands into three rounded lobes separated by inward-curving side regions.","41","248","data/reference_models/stl/UB40-T022.stl"
"UB40-I023","data/reference_models/stl/UB40-T023.stl","generated_outputs_not_included_in_release/open_loop/iteration2/text-to-cadquery_per_sample.csv","1","1","0.11154386262434673","0.4686204665895981","False","0.0","0.0","0.15917474388582636","0.024556286720006454","True","0.11154386262434673","cadquery","Open-loop Workflow","Retained40 open-loop prompt set aligned to retained reference models","Iteration2","iteration2","intermediate","intermediate","23","23","UB40-T023","UB40-T023","UB40-T023.stl","This object is a thin stepped mounting plate about 108 units long, 53.1 units wide, and 10.7 units thick. It contains one large central hole, four smaller holes grouped around the middle, and one additional hole near each end.","39","226","data/reference_models/stl/UB40-T023.stl"
"UB40-I024","data/reference_models/stl/UB40-T024.stl","generated_outputs_not_included_in_release/open_loop/iteration2/text-to-cadquery_per_sample.csv","0","0","","","","","","","","","","cadquery","Open-loop Workflow","Retained40 open-loop prompt set aligned to retained reference models","Iteration2","iteration2","intermediate","intermediate","24","24","UB40-T024","UB40-T024","UB40-T024.stl","This object is a flat asymmetric plate about 193.76 by 160 units in plan and about 10 units thick. Its outline includes a slanted side and a forked end, and it is perforated by five circular mounting holes plus two long parallel slots in the forked end.","47","253","data/reference_models/stl/UB40-T024.stl"
"UB40-I025","data/reference_models/stl/UB40-T025.stl","generated_outputs_not_included_in_release/open_loop/iteration2/text-to-cadquery_per_sample.csv","1","1","0.06353829382958087","0.28417296618327786","True","0.0","0.0","0.26415533833857857","0.09861744407988432","True","0.06353829382958087","cadquery","Open-loop Workflow","Retained40 open-loop prompt set aligned to retained reference models","Iteration2","iteration2","intermediate","intermediate","25","25","UB40-T025","UB40-T025","UB40-T025.stl","This object is a rounded rectangular hollow box about 230 units long, 130 units wide, and 45 units thick. The outer edges are smoothly softened, the interior is hollow, one large side is open, and the opposite side remains closed.","40","230","data/reference_models/stl/UB40-T025.stl"
"UB40-I026","data/reference_models/stl/UB40-T026.stl","generated_outputs_not_included_in_release/open_loop/iteration2/text-to-cadquery_per_sample.csv","1","1","0.19906959058279677","0.40760768363336836","False","0.0","0.0","5.487634503807692e-13","0.6415412039226122","True","0.19906959058279677","cadquery","Open-loop Workflow","Retained40 open-loop prompt set aligned to retained reference models","Iteration2","iteration2","intermediate","intermediate","26","26","UB40-T026","UB40-T026","UB40-T026.stl","This object is a fastener-like body about 12.95 units high with a broad circular head and a short cylindrical shank. A polygonal recessed socket is centered in the top face of the head, while the exterior stays otherwise smooth.","39","228","data/reference_models/stl/UB40-T026.stl"
"UB40-I027","data/reference_models/stl/UB40-T027.stl","generated_outputs_not_included_in_release/open_loop/iteration2/text-to-cadquery_per_sample.csv","1","1","0.2971577178325359","0.6889641698266752","True","0.0","0.0","0.022698324621269295","0.1740501704269947","True","0.2971577178325359","cadquery","Open-loop Workflow","Retained40 open-loop prompt set aligned to retained reference models","Iteration2","iteration2","intermediate","intermediate","27","27","UB40-T027","UB40-T027","UB40-T027.stl","This object is a helical compression spring about 8.63 units in outer diameter and about 8.70 units long. It is made from round wire wound into regular open turns around a central axis.","33","185","data/reference_models/stl/UB40-T027.stl"
"UB40-I028","data/reference_models/stl/UB40-T028.stl","generated_outputs_not_included_in_release/open_loop/iteration2/text-to-cadquery_per_sample.csv","0","0","","","","","","","","","","cadquery","Open-loop Workflow","Retained40 open-loop prompt set aligned to retained reference models","Iteration2","iteration2","intermediate","intermediate","28","28","UB40-T028","UB40-T028","UB40-T028.stl","This object is a regular hexagonal nut-like body about 59.96 units across corners, 55.87 units across flats, and 30.63 units thick. A circular through-hole runs along the central axis, leaving six planar outer faces around it.","36","226","data/reference_models/stl/UB40-T028.stl"
"UB40-I029","data/reference_models/stl/UB40-T029.stl","generated_outputs_not_included_in_release/open_loop/iteration2/text-to-cadquery_per_sample.csv","1","1","0.09380538162430554","0.17400741501803138","True","0.0","0.0","0.27198386717903117","0.2067899652854887","True","0.09380538162430554","cadquery","Open-loop Workflow","Retained40 open-loop prompt set aligned to retained reference models","Iteration2","iteration2","intermediate","intermediate","29","29","UB40-T029","UB40-T029","UB40-T029.stl","This object is a circular flange about 228.6 units in diameter and about 79.38 units high overall. Eight evenly spaced bolt holes lie around the flange plate, and a broad cylindrical hub projects from the rear center.","37","217","data/reference_models/stl/UB40-T029.stl"
"UB40-I030","data/reference_models/stl/UB40-T030.stl","generated_outputs_not_included_in_release/open_loop/iteration2/text-to-cadquery_per_sample.csv","1","1","0.0839949668929157","0.3389215922721992","False","0.0","1.0","0.1759709596635338","0.32253413747672177","True","0.0839949668929157","cadquery","Open-loop Workflow","Retained40 open-loop prompt set aligned to retained reference models","Iteration2","iteration2","intermediate","intermediate","30","30","UB40-T030","UB40-T030","UB40-T030.stl","This object is a bracket-like plate-like part within about 110 by 85 by 55 units overall. One side carries a large cylindrical boss with a centered through-hole, an adjacent plate region contains one smaller circular hole, and the opposite end is cut by a deep side opening that leaves separated upper and lower projections.","54","324","data/reference_models/stl/UB40-T030.stl"
"UB40-I031","data/reference_models/stl/UB40-T031.stl","generated_outputs_not_included_in_release/open_loop/iteration2/text-to-cadquery_per_sample.csv","0","0","","","","","","","","","","cadquery","Open-loop Workflow","Retained40 open-loop prompt set aligned to retained reference models","Iteration2","iteration2","intermediate","intermediate","31","31","UB40-T031","UB40-T031","UB40-T031.stl","This object is a right-angle bracket fitting inside roughly 381 by 158.75 by 44.45 units. One large rectangular panel joins a narrower perpendicular flange carrying four circular holes aligned vertically.","30","204","data/reference_models/stl/UB40-T031.stl"
"UB40-I032","data/reference_models/stl/UB40-T032.stl","generated_outputs_not_included_in_release/open_loop/iteration2/text-to-cadquery_per_sample.csv","0","0","","","","","","","","","","cadquery","Open-loop Workflow","Retained40 open-loop prompt set aligned to retained reference models","Iteration2","iteration2","intermediate","intermediate","32","32","UB40-T032","UB40-T032","UB40-T032.stl","This object is a five-pointed star-shaped plate about 138.56 by 123.81 units across. A short cylindrical boss rises from the center, so the thin star base and the central round feature create a two-level form.","35","209","data/reference_models/stl/UB40-T032.stl"
"UB40-I033","data/reference_models/stl/UB40-T033.stl","generated_outputs_not_included_in_release/open_loop/iteration2/text-to-cadquery_per_sample.csv","0","0","","","","","","","","","","cadquery","Open-loop Workflow","Retained40 open-loop prompt set aligned to retained reference models","Iteration2","iteration2","intermediate","intermediate","33","33","UB40-T033","UB40-T033","UB40-T033.stl","This object is a shallow open tray-like support structure about 420 by 260 units in footprint and about 325 units high. It consists of a flat rectangular base and four slender posts at the corners, leaving the sides open.","39","221","data/reference_models/stl/UB40-T033.stl"
"UB40-I034","data/reference_models/stl/UB40-T034.stl","generated_outputs_not_included_in_release/open_loop/iteration2/text-to-cadquery_per_sample.csv","1","1","0.04108629948743779","0.22238883997621806","True","2.0","0.0","0.13865267918793456","0.31525469081430524","True","0.04108629948743779","cadquery","Open-loop Workflow","Retained40 open-loop prompt set aligned to retained reference models","Iteration2","iteration2","intermediate","intermediate","34","34","UB40-T034","UB40-T034","UB40-T034.stl","This object is a thin plate about 170 units long, 120 units wide, and 15 units thick, with a softened rounded-octagonal outline. Two circular through-holes are located near opposite ends along the long direction.","34","212","data/reference_models/stl/UB40-T034.stl"
"UB40-I035","data/reference_models/stl/UB40-T035.stl","generated_outputs_not_included_in_release/open_loop/iteration2/text-to-cadquery_per_sample.csv","1","1","0.05694875317469099","0.1736259123667787","True","2.0","1.0","0.7779426735216803","0.16384311611754077","True","0.05694875317469099","cadquery","Open-loop Workflow","Retained40 open-loop prompt set aligned to retained reference models","Iteration2","iteration2","intermediate","intermediate","35","35","UB40-T035","UB40-T035","UB40-T035.stl","This object is a rotationally symmetric solid round part about 59.21 units in diameter and about 27.94 units long. Three overlapping coaxial circular discs or rims are arranged around the same center, producing a layered spool-like profile.","37","240","data/reference_models/stl/UB40-T035.stl"
"UB40-I036","data/reference_models/stl/UB40-T036.stl","generated_outputs_not_included_in_release/open_loop/iteration2/text-to-cadquery_per_sample.csv","1","1","0.019184253171880356","0.05530054381549665","True","0.0","1.0","0.32613842136300863","0.10954924449576375","True","0.019184253171880356","cadquery","Open-loop Workflow","Retained40 open-loop prompt set aligned to retained reference models","Iteration2","iteration2","intermediate","intermediate","36","36","UB40-T036","UB40-T036","UB40-T036.stl","This object is a torus-like ring about 49.05 units in outer diameter with a rounded tube diameter of about 5.08 units. The ring is continuous and smooth, with no flats, breaks, or attached features.","34","198","data/reference_models/stl/UB40-T036.stl"
"UB40-I037","data/reference_models/stl/UB40-T037.stl","generated_outputs_not_included_in_release/open_loop/iteration2/text-to-cadquery_per_sample.csv","1","1","0.0935296623605245","0.2528181616724247","False","3.0","0.0","0.3951423355678368","0.16170121535358906","True","0.0935296623605245","cadquery","Open-loop Workflow","Retained40 open-loop prompt set aligned to retained reference models","Iteration2","iteration2","intermediate","intermediate","37","37","UB40-T037","UB40-T037","UB40-T037.stl","This object is a bent angle bracket about 70 units long, 35 units high, and 20 units deep. The horizontal flange contains three larger holes, and the vertical flange contains two smaller mounting holes.","34","202","data/reference_models/stl/UB40-T037.stl"
"UB40-I038","data/reference_models/stl/UB40-T038.stl","generated_outputs_not_included_in_release/open_loop/iteration2/text-to-cadquery_per_sample.csv","1","1","0.0631573271173403","0.267680129468927","True","2.0","1.0","0.5986730735479244","0.013627591347069923","True","0.0631573271173403","cadquery","Open-loop Workflow","Retained40 open-loop prompt set aligned to retained reference models","Iteration2","iteration2","intermediate","intermediate","38","38","UB40-T038","UB40-T038","UB40-T038.stl","This object is a tall upright block about 101.6 units high with a base envelope of about 50.8 by 50.8 units. Its top edge is sloped, and a deep rectangular recess cuts into one side to produce an L-shaped side profile.","41","218","data/reference_models/stl/UB40-T038.stl"
"UB40-I039","data/reference_models/stl/UB40-T039.stl","generated_outputs_not_included_in_release/open_loop/iteration2/text-to-cadquery_per_sample.csv","0","0","","","","","","","","","","cadquery","Open-loop Workflow","Retained40 open-loop prompt set aligned to retained reference models","Iteration2","iteration2","intermediate","intermediate","39","39","UB40-T039","UB40-T039","UB40-T039.stl","This object is a clevis-like block about 127 units long and about 50.8 by 50.8 units in the other two directions. One end becomes a rounded lug with a circular through-hole, and a top slot divides that end into two parallel arms.","42","229","data/reference_models/stl/UB40-T039.stl"
"UB40-I040","data/reference_models/stl/UB40-T040.stl","generated_outputs_not_included_in_release/open_loop/iteration2/text-to-cadquery_per_sample.csv","1","1","0.11590087730423965","0.48007778649096317","True","2.0","0.0","0.1843402439071295","0.3892082696382076","True","0.11590087730423965","cadquery","Open-loop Workflow","Retained40 open-loop prompt set aligned to retained reference models","Iteration2","iteration2","intermediate","intermediate","40","40","UB40-T040","UB40-T040","UB40-T040.stl","This object is a rigid bracket-like body about 79.86 units long, 50 units high, and 40 units deep. It has a rounded end with a through-hole, a straighter opposite end, and a triangular rib supporting the upper arm from below.","40","225","data/reference_models/stl/UB40-T040.stl"
